id,level,profile,stack,experience,salary,location,comments
e405af65e2f6da38997c1015334f2164,senior,Mobile,"android, kotlin, nodejs, reactjs, SQL, android studio, java, web services",4.0,46.28,Madrid,
c126c65a050184c6016cbd59fd8ceae4,senior,Mobile,"android, kotlin, nodejs, reactjs, SQL, android studio, java, web services",3.0,40.76,Madrid,
0f7c0d22a7718d62fea1637ba612cb64,junior,Mobile,"android, kotlin, nodejs, reactjs, SQL, android studio, java, web services",2.0,31.55,Madrid,
181546d6ba711fb0e8375e0172417601,junior,Mobile,"android, kotlin, nodejs, reactjs, SQL, android studio, java, web services",2.0,31.55,Madrid,
5a8d43abac0cb4d58a25f499889d54ae,senior,Mobile,"android, kotlin, nodejs, reactjs, SQL, android studio, java, web services",3.0,40.76,Madrid,
64f73dbb2296386013e92c8f34c26579,senior,Mobile,"android, kotlin, nodejs, reactjs, SQL, android studio, java, web services",4.0,46.28,Madrid,
45ddfca6a0e9d6b2d745d47c501d10a4,junior,Mobile,"android, kotlin, nodejs, reactjs, SQL, android studio, java, web services",2.5,37.71,Madrid,
12be40a080e6a13d7ba35277541588b0,junior,Mobile,"android, kotlin, nodejs, reactjs, SQL, android studio, java, web services",1.5,21.9,Madrid,
fcbed2856de103d07e96d5a605b3d777,junior,Mobile,"android, kotlin, nodejs, reactjs, SQL, android studio, java, web services",2.0,31.55,Madrid,
ad4dea3ea3d10598ddc7e0f33db59486,senior,Mobile,"android, kotlin, nodejs, reactjs, SQL, android studio, java, web services",3.0,40.76,Madrid,Contactado por Linkedin. Busca seguir siendo freelance.
3008f472afc8c4d9ec1a9da4baf4bb5b,junior,Mobile,"android, kotlin, nodejs, reactjs, SQL, android studio, java, web services",1.0,21.4,Madrid,
1656309934b1156c63ee3779ce354436,senior,Mobile,"android, kotlin, nodejs, reactjs, SQL, android studio, java, web services",5.0,46.83,Madrid,
a0e2f29e5306b16767fb6557b4c96af9,senior,Mobile,"android, kotlin, nodejs, reactjs, SQL, android studio, java, web services",3.0,40.76,Madrid,
4dd090b2646c4a2c84c5e8b578e48af0,senior,Mobile,"android, kotlin, nodejs, reactjs, SQL, android studio, java, web services",5.0,46.83,Madrid,
258b7258cca61e39690baaec550522de,junior,Mobile,"android, kotlin, nodejs, reactjs, SQL, android studio, java, web services",2.0,31.55,Madrid,
cd550d62d58cfb4061ea310598bcac85,senior,Mobile,"android, kotlin, nodejs, reactjs, SQL, android studio, java, web services",4.0,46.28,Madrid,
554f7017ea335f33133ebd1170b85b88,senior,Mobile,"android, kotlin, nodejs, reactjs, SQL, android studio, java, web services",3.5,43.04,Madrid,
82202e260c8067cd25447fd5a1f36c51,senior,Mobile,"android, kotlin, nodejs, reactjs, SQL, android studio, java, web services",3.0,40.76,Madrid,
4425bba1235252a3649801ddc643660c,junior,Mobile,"android, kotlin, nodejs, reactjs, SQL, android studio, java, web services",2.0,31.55,Madrid,
d04d00fab9aec170818fa74f1277006b,junior,Mobile,"android, kotlin, nodejs, reactjs, SQL, android studio, java, web services",1.0,21.4,Madrid,
0d8c89bb2d44b40d37874e799d662c07,junior,Mobile,"android, kotlin, nodejs, reactjs, SQL, android studio, java, web services",2.0,31.55,Madrid,
cd25703a5aef1acf7abe57e3817773fd,senior,Mobile,"android, kotlin, nodejs, reactjs, SQL, android studio, java, web services",4.0,46.28,Madrid,
dc6dcdf630e44f02f59d9cf53de8964b,senior,Mobile,"android, kotlin, nodejs, reactjs, SQL, android studio, java, web services",3.0,40.76,Madrid,
00515dbc3b8f2613a2fdbfa29390e53c,junior,Mobile,"android, kotlin, nodejs, reactjs, SQL, android studio, java, web services",2.0,31.55,Madrid,
c4eb617ac269ccc7dd1714b3934b10be,junior,Mobile,"android, kotlin, nodejs, reactjs, SQL, android studio, java, web services",2.5,37.71,Madrid,
84d8d4c050b2afb14865339f978ccfc4,senior,Mobile,"android, kotlin, nodejs, reactjs, SQL, android studio, java, web services",3.5,43.04,Madrid,
e0da8b2c4b58b1a1cb0b5d7eed3d26cd,senior,Mobile,"android, kotlin, nodejs, reactjs, SQL, android studio, java, web services",4.5,46.39,Madrid,
6859676d732321f10030b740f04f2283,senior,Mobile,"android, kotlin, nodejs, reactjs, SQL, android studio, java, web services",5.0,46.83,Madrid,
a4a4365dcf7b53d8d93defebc06162e9,senior,Mobile,"android, kotlin, nodejs, reactjs, SQL, android studio, java, web services",3.0,40.76,Madrid,Arquitecto de movilidad
9fc060d3504bf152848d17d43c010bf7,junior,Mobile,"android, kotlin, nodejs, reactjs, SQL, android studio, java, web services",2.0,31.55,Madrid,
1526aef32a0b2a6cd9c6459c1e9e06b4,junior,Mobile,"android, kotlin, nodejs, reactjs, SQL, android studio, java, web services",1.0,21.4,Madrid,
5ee172aa7e63126ff9833ae84df6b730,senior,Mobile,"android, kotlin, nodejs, reactjs, SQL, android studio, java, web services",4.0,46.28,Madrid,
86a39eac8fa4e46d2ae6b202892eaafa,junior,Mobile,"android, kotlin, nodejs, reactjs, SQL, android studio, java, web services",2.0,31.55,Madrid,
1d3465f86ab6aa5b19897a133054d904,junior,Mobile,"android, kotlin, nodejs, reactjs, SQL, android studio, java, web services",1.0,21.4,Madrid,
08c430b8ada5bf6e3d8f8bc348722005,senior,Mobile,"android, kotlin, nodejs, reactjs, SQL, android studio, java, web services",3.0,40.76,Madrid,
05f24e121a02f06b87ff589698e60ffc,junior,Mobile,"android, kotlin, nodejs, reactjs, SQL, android studio, java, web services",2.0,31.55,Barcelona,
7b7993c02f95d0781c2a697d2304f9a9,senior,Mobile,"android, kotlin, nodejs, reactjs, SQL, android studio, java, web services",4.0,46.28,Barcelona,
b815b41a820dfdc97ef7799b145bae83,senior,Programmer,"java, spring, hibernate, maven, eclipse, SQL, oracle, HTML5, CSS3, javascript",3.0,28.59,Madrid,
53ec08886eba11f0b2e15830117fbbf2,senior,Programmer,"java, spring, hibernate, maven, eclipse, SQL, oracle, HTML5, CSS3, javascript",4.0,38.82,Madrid,
1bf391f8b1287cec5848adaf90405937,junior,Programmer,"java, spring, hibernate, maven, eclipse, SQL, oracle, HTML5, CSS3, javascript",2.0,24.64,Madrid,
369d0f060aabbc138a48a807eb8e5d1f,senior,Testing,"cucumber, selenium, jenkins, java, scrum, guerkin",3.0,34.41,Madrid,
03f98bf5242080a10affe5f2ceb512a3,senior,Testing,"cucumber, selenium, jenkins, java, scrum, guerkin",3.0,34.41,Madrid,
0721de0c58b45b9476af07e8dccdbfde,junior,Testing,"cucumber, selenium, jenkins, java, scrum, guerkin",2.0,25.13,Madrid,
95bada14ee5af45c7ee178bea79cc3df,junior,Testing,"cucumber, selenium, jenkins, java, scrum, guerkin",1.0,20.76,Madrid,
ac96079b5d855e28fac6f284ceff700f,senior,Testing,"cucumber, selenium, jenkins, java, scrum, guerkin",3.0,34.41,Madrid,
49bbe70da192bee50344aae0b14e6567,senior,Testing,"cucumber, selenium, jenkins, java, scrum, guerkin",4.0,44.75,Madrid,
52b74e9a8fbe33a2df2ef880699420da,senior,Testing,"cucumber, selenium, jenkins, java, scrum, guerkin",3.0,34.41,Madrid,
02ac14efc73ba6aba3afd89e5c636523,senior,Testing,"cucumber, selenium, jenkins, java, scrum, guerkin",5.0,53.73,Madrid,
d4035fff3fe7755e6cb3653abfd641e2,junior,Testing,"cucumber, selenium, jenkins, java, scrum, guerkin",2.0,25.13,Madrid,
ca3d26d9137e3aaca773af8ed88af0c8,senior,Analyst/Programmer,"microservices, springboot, java, web services, jenkins, kubernetes, docker",5.0,50.71,Madrid,
ad10ab85bb2e0056d1825a12bcf237dd,senior,Programmer,"microservices, java, spring, hibernate, oracle, IBM rational quality manager",4.0,29.1,Madrid,
2bb8e5ffd0c3a3e1c8618e110bbc4d25,senior,Analyst/Programmer,"microservices, java, oracle, SQL, mongodb, web services, java, springboot, maven, hibernate, scrum",7.0,39.72,Madrid,
eec44a7bee48790fd1d8e5602a96d357,senior,Programmer,"microservices, microservices, spring, java, angular, springboot, java, SQL, vuejs, web services",4.0,29.1,Madrid,
c0bba36ef53bed26a85a68cbc839b93f,senior,Analyst/Programmer,"java, oracle, SQL, mongodb, web services, springboot, maven",6.0,37.44,Madrid,
69c8aa3590094398a9e86a369d82ecc7,senior,Analyst/Programmer,"microservices, web services, java",5.0,35.01,Madrid,
c8214f274ac81946bd3e80bd962f30a6,junior,Programmer,"microservices, java, spring, hibernate, jpa, docker, jenkins, oracle, SQL",2.0,22.27,Madrid,
ba2ad0a79679dc26ab1e4577be2ca4b7,expert,Analyst/Programmer,"java, angular, spring, springboot, web services, hibernate, docker, SQL, jenkins, git, jira",11.0,42.36,Madrid,
d34169e46e7b991364ca5ed07b7662ce,senior,Programmer,"java, spring, hibernate, maven, eclipse, SQL, oracle, HTML5, CSS3, javascript",3.0,28.59,Madrid,
af5257a9a4ad24d7ceede3af50d9f1de,senior,Analyst/Programmer,"microservices, java, springboot, spring, hibernate, git, maven, oracle, web services, SQL",6.0,51.11,Madrid,
3d7bedb64235704a2ec740acf190e09a,senior,Analyst/Programmer,"java, spring, hibernate, jpa, docker, jenkins, oracle, SQL",5.0,35.01,Madrid,
6d5f80731696f5f6771735c894b54786,senior,Programmer,"java, springboot, angular, typescript, bootstrap, jenkins, tomcat",3.5,28.17,Madrid,
4d18633f39fbe8d33884fdd66a2068b7,senior,Programmer,"microservices, java, springboot, hibernate, jpa, docker, jenkins, oracle, SQL",3.0,35.49,Madrid,
39abc81a65bc7639d2a5e406257223f0,senior,Programmer,"microservices, java, springboot, hibernate, jpa, docker, jenkins, oracle, SQL",5.0,40.67,Madrid,
b4cdb1b15ed8e6e7d5f6db1441fec938,senior,Programmer,"microservices, java, springboot, hibernate, jpa, docker, jenkins, oracle, SQL",4.0,41.03,Madrid,
230c6118911b5f4a1d51302cd4a38ebf,junior,Programmer,"microservices, java, springboot, hibernate, jpa, docker, jenkins, oracle, SQL",1.0,20.7,Madrid,
40507bceb11ecb76b5462017c5fe11ec,junior,Programmer,"microservices, java, springboot, hibernate, jpa, docker, jenkins, oracle, SQL",2.0,27.85,Madrid,
033feff65f9eb3456198b00a0679c45a,senior,Programmer,"microservices, java, springboot, hibernate, jpa, docker, jenkins, oracle, SQL",5.0,40.67,Madrid,
81da1d92ebaf3dee2f6e666a65cc8f06,senior,Programmer,"microservices, java, springboot, hibernate, jpa, docker, jenkins, oracle, SQL",4.0,41.03,Madrid,Zona centro
9faf44612affbaf25ba537e269866470,senior,Testing,"cucumber, selenium, jenkins, java, scrum, guerkin",5.0,53.73,Madrid,
8c7e8e6eb7f9c9e628f7587a15273229,junior,Testing,"cucumber, selenium, jenkins, java, scrum, guerkin",1.0,20.76,Madrid,
bd038a2c858f7d75b106c4a90f7538aa,junior,Programmer,"java, spring, docker, aws, nodejs, vuejs, web services, SQL",2.0,22.27,Madrid,
b7d092266b986f5a560c51fb82dbc1a5,expert,Testing,"cucumber, selenium, jenkins, java, scrum, guerkin",8.0,59.37,Madrid,Ahora enfocado a Machine Learning
0fc1360a1aa5059a0135ff805b87b462,senior,Programmer,"java, spring, hibernate, maven, eclipse, SQL, oracle, HTML5, CSS3, javascript",4.0,38.82,Málaga,
2312a6007eb7179edc4184fbad20974f,junior,Programmer,"java, spring, hibernate, maven, eclipse, SQL, oracle, HTML5, CSS3, javascript",2.0,24.64,Málaga,
fba65be1712c9889fd718c1791751acc,senior,Programmer,"java, spring, hibernate, maven, eclipse, SQL, oracle, HTML5, CSS3, javascript",5.0,40.13,Málaga,
d4498f6769a4679d52f63725607f8ff3,senior,Testing,"cucumber, selenium, jenkins, java, scrum, guerkin",4.0,44.75,Málaga,
090a37315482eba7fb1339345534c4c4,senior,Programmer,"java, spring, hibernate, maven, eclipse, SQL, oracle, HTML5, CSS3, javascript",7.0,41.65,Málaga,
51a71a6dffe69762f37485cf6bddab5d,senior,Programmer,"java, spring, hibernate, maven, eclipse, SQL, oracle, HTML5, CSS3, javascript",5.0,40.13,Málaga,
214ce7c98906193f0038a54b3db5578c,senior,Programmer,"java, spring, hibernate, maven, eclipse, SQL, oracle, HTML5, CSS3, javascript",3.0,28.59,Málaga,
f530a37bf3792c16f42eb3db30f09aed,junior,Programmer,"java, spring, hibernate, maven, eclipse, SQL, oracle, HTML5, CSS3, javascript",2.0,24.64,Málaga,
1bd604a365753b2c5748f86d40b30c9e,junior,Programmer,"java, spring, hibernate, maven, eclipse, SQL, oracle, HTML5, CSS3, javascript",1.0,19.04,Málaga,
8dfa45ce2bb1ce668f8151453f0d7363,junior,Programmer,"java, spring, hibernate, maven, eclipse, SQL, oracle, HTML5, CSS3, javascript",2.0,24.64,Málaga,
fb623a4f93a7ba7459ee9fae89546bfe,junior,Programmer,"java, spring, hibernate, maven, eclipse, SQL, oracle, HTML5, CSS3, javascript",2.0,24.64,Málaga,No interesado en Tinsa por el horario
7a014f7e3dd04f1dde6f3d791fbb732c,senior,Programmer,"java, oracle, SQL, mongodb, web services, spring, maven",5.0,37.92,Málaga,
e3fc59652ffd4e013542f84339c4a232,senior,Programmer,"java, oracle, SQL, mongodb, web services, spring, maven",6.0,39.79,Málaga,
62acc3c2b9bcb3fed5ab0a13c95f17d2,senior,Programmer,"java, oracle, SQL, mongodb, web services, spring, maven",3.0,30.11,Málaga,
e6f4ebcfe79125346e0e956ad3f6a618,junior,Programmer,"java, oracle, SQL, mongodb, web services, spring, maven",2.0,27.26,Málaga,
92c9f9f0a421a60a3501257477bd6679,junior,Programmer,"java, oracle, SQL, mongodb, web services, spring, maven",1.0,18.84,Málaga,
9cfc084b324ce9c0d532af4a67da2c0c,senior,Programmer,"java, oracle, SQL, mongodb, web services, spring, maven",5.0,37.92,Málaga,
5f3ec0f1decda67de8b265a68e3698eb,senior,Programmer,"java, oracle, SQL, mongodb, web services, spring, maven",4.0,39.53,Málaga,
2e97be1949cc9f1a5dbf04a0febcc200,senior,Programmer,"java, oracle, SQL, mongodb, web services, spring, maven",4.0,39.53,Málaga,
c2bff94505fdc23c7794e4b030bc3101,junior,Programmer,"java, oracle, SQL, mongodb, web services, spring, maven",2.0,27.26,Oviedo,Contactado por Linkedin. Dice que no le importa trasladarse de ciudad. Tengo su CV.
a3ca7f624ec56e133f2cac6d107fd2db,senior,Programmer,"java, oracle, SQL, mongodb, web services, spring, maven",5.0,37.92,Málaga,"Está buscando algo relacionado con microinformática, sistemas embebidos, sistemas empotrados
o arquitectura de computadores."
46aa7343e2aaa765517ba3f98fbc2186,senior,Programmer,"java, oracle, SQL, mongodb, web services, spring, maven",4.0,39.53,Málaga,
7280bd1c8c9a1deb26e76573d1d5aa43,senior,Testing,"cucumber, selenium, jenkins, java, scrum, guerkin",3.0,34.41,Madrid,
4ddb2ce1af21f7b1071bb4d407dff4fa,senior,Programmer,"microservices, java, springboot, hibernate, jpa, docker, jenkins, oracle, SQL",5.0,40.67,Madrid,
0b611c138a58237eb7d0cbabc48e85f8,junior,Programmer,"microservices, java, springboot, hibernate, jpa, docker, jenkins, oracle, SQL",2.0,27.85,Madrid,
bdcb5bd45a942d1152104fbed86e90ab,senior,Programmer,"microservices, java, springboot, hibernate, jpa, docker, jenkins, oracle, SQL",3.0,35.49,Madrid,
fc3d909cdf5f5841313a4d498faa7b2c,senior,Programmer,"microservices, java, springboot, hibernate, jpa, docker, jenkins, oracle, SQL",4.0,41.03,Madrid,
6e28370ccdc7c70147e55615cc7ecab5,senior,Programmer,"microservices, java, springboot, hibernate, jpa, docker, jenkins, oracle, SQL",5.0,40.67,Madrid,
403c93c896d7558a6a3d9873fa8a1e0d,senior,Programmer,"microservices, java, springboot, hibernate, jpa, docker, jenkins, oracle, SQL",5.0,40.67,Madrid,
bf92193aab0afd2c65076056e2f4afb4,junior,Programmer,"microservices, java, springboot, hibernate, jpa, docker, jenkins, oracle, SQL",2.0,27.85,Madrid,Está buscando proyecto en la zona centro de Madrid.
1b2081ee3ce0bc2a491f70451318f4cc,senior,Programmer,"microservices, java, springboot, hibernate, jpa, docker, jenkins, oracle, SQL",4.0,41.03,Madrid,
43474bea7ad08d23e3866edb5b49bb46,senior,Programmer,"microservices, java, springboot, hibernate, jpa, docker, jenkins, oracle, SQL",3.0,35.49,Madrid,
a12b678d2b3cec57758be8649c3bea3f,junior,Programmer,"microservices, java, springboot, hibernate, jpa, docker, jenkins, oracle, SQL",1.0,20.7,Madrid,
a403f962220f1db1d6aeff8bf7cbe7b5,senior,Programmer,"microservices, java, springboot, hibernate, jpa, docker, jenkins, oracle, SQL",5.0,40.67,Madrid,
ceb027b2e5d6b26e66190bba240cfe36,senior,Programmer,"microservices, java, springboot, hibernate, jpa, docker, jenkins, oracle, SQL",3.0,35.49,Madrid,
ce7e33548cafe18c98f079f119dda6d2,senior,Analyst/Programmer,"microservices, java, python, docker, kubernetes, jenkins, mongodb, git",5.0,35.01,Madrid,
93fc145c6c9bc8d87adf68e65b4168e0,senior,Analyst/Programmer,"microservices, java, SQL, springboot",5.0,35.01,Madrid,
2703127d69596de50cd55d5736cc6eb3,senior,Programmer,"microservices, java, spring, oracle, mongodb",3.0,29.48,Madrid,
da49722894eb7c581df40e0520c904f8,expert,Programmer,"microservices, java, maven, eclipse, SQL, javascript, python, oracle, web services",8.0,37.55,Madrid,
980486c035a42b1f071ea50646980a2c,junior,Testing,"cucumber, selenium, jenkins, java, scrum, guerkin",2.0,25.13,Madrid,Junior - 4 meses de experiencia. Desempleado (febrero 2020). 
ce8c3d96ab5b983eb2e9de29b1950d42,junior,Testing,"cucumber, selenium, jenkins, java, scrum, guerkin",2.0,25.13,Madrid,
55e5c2d26eb741306aed450245be0800,senior,Testing,"cucumber, selenium, jenkins, java, scrum, guerkin",3.0,34.41,Madrid,
031e18254c23cf5905870b21b2e8eb14,senior,Testing,"cucumber, selenium, jenkins, java, scrum, guerkin",6.0,52.94,Madrid,
d140c0e036e14017bf83b7f9a2949297,junior,Testing,"cucumber, selenium, jenkins, java, scrum, guerkin",2.0,25.13,Madrid,No le interesa el sector banca.
9a669175a96822e95993c8c94d9600f5,senior,Testing,"cucumber, selenium, jenkins, java, scrum, guerkin",4.0,44.75,Madrid,
fba05b24c25151888fce6475ad0c2590,senior,Testing,"cucumber, selenium, jenkins, java, scrum, guerkin",3.0,34.41,Madrid,
3a24254f68d1a5a0a5b34d00d07e7449,senior,Testing,"cucumber, selenium, jenkins, java, scrum, guerkin",3.0,34.41,Madrid,
a14848f783a0f6fc947885fe290040e2,senior,Testing,"cucumber, selenium, jenkins, java, scrum, guerkin",3.0,34.41,Madrid,
fce5c6f5f021c2720de58070dfde0a0d,senior,Testing,"cucumber, selenium, jenkins, java, scrum, guerkin",3.0,34.41,Madrid,
ef7e6f9aa0376ff8dcd80fedc0dce2f6,junior,Testing,"cucumber, selenium, jenkins, java, scrum, guerkin",2.0,25.13,Madrid,
d7c545c8219f5c6e8b627bbf0df821fb,junior,Testing,"cucumber, selenium, jenkins, java, scrum, guerkin",2.0,25.13,Madrid,
3cc62a402d702e3a0cfc2ee1002c5e14,junior,Testing,"cucumber, selenium, jenkins, java, scrum, guerkin",2.0,25.13,Madrid,
ac8d04e58db2310123d50fe02575667f,junior,Testing,"cucumber, selenium, jenkins, java, scrum, guerkin",2.0,25.13,Madrid,
95dd8eabf2e5ab9aa3afa2b1ea265d95,senior,Testing,"cucumber, selenium, jenkins, java, scrum, guerkin",3.0,34.41,Madrid,
6ded9eb1f0d508cde71f71bbb4a0cf94,senior,Programmer,"java, oracle, SQL, mongodb, web services, spring, maven",5.0,37.92,Madrid,
10d90be3c6adff42d960ae899a9c1bb7,senior,Testing,"cucumber, selenium, jenkins, java, scrum, guerkin",3.0,34.41,Madrid,8 meses en testing automatizado (10/03/2020).
f2754947dcef2d5846d6d6c9323d5445,senior,Programmer,"microservices, java, springboot, hibernate, jpa, docker, jenkins, oracle, SQL",3.0,35.49,Madrid,Es arquitecto de software.
161b44b940d5e5ea1b8996afd8f022e9,junior,Testing,"cucumber, selenium, jenkins, java, scrum, guerkin",2.0,25.13,Madrid,
6ef353f4e99923415386170f958e90de,junior,Testing,"cucumber, selenium, jenkins, java, scrum, guerkin",2.0,25.13,Madrid,
a6ddf9ad0d71b1f7787d8f9ed4107993,junior,Testing,"cucumber, selenium, jenkins, java, scrum, guerkin",2.0,25.13,Madrid,
cf0c42fa8369188e78b483d5f9c28b64,junior,Programmer,"java, oracle, SQL, mongodb, web services, spring, maven",2.0,27.26,Madrid,
0bce6f0f9bb9b807b7f84f9b1be28be4,senior,Testing,"cucumber, selenium, jenkins, java, scrum, guerkin",3.0,34.41,Madrid,
4498fabc04a803a64bc73e25d8f0100d,senior,Testing,"cucumber, selenium, jenkins, java, scrum, guerkin",4.0,44.75,Madrid,
179385e5b47ad1fc8b161d3d2df6641a,junior,Testing,"cucumber, selenium, jenkins, java, scrum, guerkin",2.0,25.13,Madrid,
2d2f73d830adfc9d28c7fbace1df9db0,junior,Programmer,"java, spring, hibernate, maven, eclipse, SQL, oracle, HTML5, CSS3, javascript, web services, jenkins",2.0,24.68,Madrid,"Preferencias: zona Las Rozas, Boadilla, Pozuelo. Horario flexible, jornada reducida viernes y salario según responsabilidad en el puesto. "
96204b917dc9a25b0644206fafa58129,senior,Testing,"cucumber, selenium, jenkins, java, scrum, guerkin",3.0,34.41,Madrid,
5d8cd2b53f6f63e7cbce8cb91dbf1dbe,senior,Programmer,"microservices, java, springboot, hibernate, jpa, docker, jenkins, oracle, SQL",5.0,40.67,Madrid,
2fdec28bdc1d463f4e019899b2434d1f,senior,Programmer,"java, spring, hibernate, maven, eclipse, SQL, oracle, HTML5, CSS3, javascript, web services, jenkins",5.0,40.13,Madrid,
dfe130bfe609e78338006627ddf0bb3a,senior,Programmer,"java, spring, SQL",3.0,29.48,Madrid,"El rol que desempeña ahora es más de técnico que de programador, así que sería un Java junior"
2b5b3d139ecbfb89843b369a2348393d,junior,Programmer,"java, spring, hibernate, maven, eclipse, SQL, oracle, HTML5, CSS3, javascript, web services, jenkins",2.0,24.68,Madrid,Me pasa su CV. Tiene ganas de poner en práctica lo que aprendió en la última formación que hizo (certificación). 
1bf2cd8ed65b54e797a2c27af0381587,senior,Analyst/Programmer,"java, spring, hibernate, maven, eclipse, SQL",7.0,48.4,Madrid,
01a529bbdc0c17aaea6945ad996b326a,senior,Programmer,"microservices, java, springboot, hibernate, jpa, docker, jenkins, oracle, SQL",5.0,40.67,Madrid ,
4eeebd5fd0105d40c75561af4e01b181,junior,Programmer,"microservices, java, springboot, hibernate, jpa, docker, jenkins, oracle, SQL",2.0,27.85,Madrid ,
7f5715242b8fa94af4afb4291a68825a,senior,Programmer,"microservices, java, springboot, hibernate, jpa, docker, jenkins, oracle, SQL",4.0,41.03,Madrid ,
a8294c8873c8642df699ad9d96dca974,senior,Programmer,"microservices, java, springboot, hibernate, jpa, docker, jenkins, oracle, SQL",3.0,35.49,Madrid ,
07fe2ac53d291c04e863d83ec05357a1,senior,Programmer,"microservices, java, springboot, hibernate, jpa, docker, jenkins, oracle, SQL",4.0,41.03,Madrid ,
2a9eda6815bfaba4bd7d2cb7e101bf54,junior,Programmer,"microservices, java, springboot, hibernate, jpa, docker, jenkins, oracle, SQL",2.0,27.85,Madrid ,
4c2da68c59a4a3a3c3e438b528071791,junior,Programmer,"microservices, java, springboot, hibernate, jpa, docker, jenkins, oracle, SQL",1.0,20.7,Madrid ,
40be62415ebf92933b1831bb0f6fc60f,senior,Analyst/Programmer,"microservices, springboot, java, web services, jenkins, kubernetes, docker",4.0,44.08,Madrid ,
e218a7d59d13647c224ec4654f315d07,senior,Analyst/Programmer,"microservices, springboot, java, web services, jenkins, kubernetes, docker",4.0,44.08,Madrid ,
a006ffcfff300c7503e7dde510849af5,junior,Programmer,"microservices, java, springboot, hibernate, jpa, docker, jenkins, oracle, SQL",2.0,27.85,Madrid ,
6fc9f96cae02a46d5f9db78e118f25cb,senior,Programmer,"java, microservices, maven, spring, angular, hibernate, javascript",5.0,39.09,Madrid ,
f63fb8b009cb39472133103815515ee0,senior,Programmer,"java, microservices, maven, spring, angular, hibernate, javascript",3.0,35.21,Madrid ,
824d4790aa5b402192240e4c12a3a932,senior,Programmer,"java, microservices, maven, spring, angular, hibernate, javascript",4.0,40.28,Madrid ,
a374e20cc0eebb1e4470c4aafb7a5c0c,senior,Analyst/Programmer,"microservices, springboot, java, web services, jenkins, kubernetes, docker",3.0,34.32,Madrid ,
47ef5a1a3727194faab9387d95c0e309,senior,Programmer,"java, microservices, maven, spring, angular, hibernate, javascript",3.0,35.21,Madrid ,
9e129eb583991d51880fbd1d55b275a7,senior,Programmer,"java, microservices, maven, spring, angular, hibernate, javascript",3.0,35.21,Madrid ,
4a1b30f880d207fc225f9f5a7a957fc5,senior,Programmer,"java, microservices, maven, spring, angular, hibernate, javascript",3.0,35.21,Madrid ,
86f224a8cf0f82ba851a39b7a8950235,senior,Programmer,"java, microservices, maven, spring, angular, hibernate, javascript",3.0,35.21,Madrid ,
a0bdfce8ec5a9d78f696f5d867fb693c,senior,Programmer,"java, microservices, maven, spring, angular, hibernate, javascript",3.5,36.88,Madrid ,
dbda21dc4706cdb667108c888d95d230,junior,Programmer,"java, microservices, maven, spring, angular, hibernate, javascript",2.0,27.21,Madrid ,
c6c25dd0a511f2f366ef9a0e4f90b8aa,junior,Programmer,"java, microservices, maven, spring, angular, hibernate, javascript",2.5,29.99,Madrid ,
6f04606774d5a261087fec80f85289db,junior,Programmer,"java, microservices, maven, spring, angular, hibernate, javascript",1.5,23.34,Madrid ,
7ce333b8c4b4cb24b4654bf101b04d55,junior,Programmer,"java, microservices, maven, spring, angular, hibernate, javascript",2.0,27.21,Madrid ,
1899e97ab4513399f3ef1780cc8b1d25,junior,Programmer,"java, microservices, maven, spring, angular, hibernate, javascript",2.0,27.21,Madrid ,
83de9531d493a016c7a56c60ae4f9f02,junior,Programmer,"java, microservices, maven, spring, angular, hibernate, javascript",2.0,27.21,Madrid ,
af2de206a89584a494791f10b7db49b7,senior,Programmer,"java, microservices, maven, spring, angular, hibernate, javascript",3.0,35.21,Madrid ,
ff61ac3187b8a5a4ac2bba73fe0a576d,senior,Programmer,"java, microservices, maven, spring, angular, hibernate, javascript",5.0,39.09,Madrid ,
86797235a681dad160fdb1e17482161a,junior,Programmer,"java, microservices, maven, spring, angular, hibernate, javascript",2.0,27.21,Madrid ,
cabd9fe79d95f8fce7a646cf8c8604cf,senior,Programmer,"java, microservices, maven, spring, angular, hibernate, javascript",3.0,35.21,Madrid ,
b4edeeab944e777b39a740dfdbfe5776,senior,Programmer,"java, microservices, maven, spring, angular, hibernate, javascript",3.0,35.21,Madrid ,
2c11b034f32d10658b2c45d9f1f7829b,junior,Programmer,"java, microservices, maven, spring, angular, hibernate, javascript",2.0,27.21,Madrid ,
c086bf1d9f1a60e280ebc823c70c2cbf,senior,Programmer,"java, microservices, maven, spring, angular, hibernate, javascript",3.0,35.21,Madrid ,
69fa2f674cf87640ea07d28783d82029,senior,Programmer,"java, microservices, maven, spring, angular, hibernate, javascript",4.0,40.28,Madrid ,
4c3917eac28c532e0bbdb815ac9f10ce,junior,Programmer,"java, microservices, maven, spring, angular, hibernate, javascript",2.0,27.21,Madrid ,
133f8ed27eabdf6abe5387828e59b691,junior,Programmer,"java, microservices, maven, spring, angular, hibernate, javascript",2.0,27.21,Madrid ,
d25b4e228f9fc6355eb9ba64b76f73e6,senior,Programmer,"java, microservices, maven, spring, angular, hibernate, javascript",4.0,40.28,Madrid ,
75c131ec129a83d300df0f5f1b0fbf50,junior,Programmer,"java, microservices, maven, spring, angular, hibernate, javascript",2.0,27.21,Madrid ,
4cdfda99aa2f63e01161223b12a678c7,junior,Programmer,"java, microservices, maven, spring, angular, hibernate, javascript",2.0,27.21,Madrid ,
c88ef81b8008e445759dd0fdd1abfc74,junior,Programmer,"java, microservices, maven, spring, angular, hibernate, javascript",2.0,27.21,Madrid ,
36bca590d0655f85a643681db5e38aa1,junior,Programmer,"java, microservices, maven, spring, angular, hibernate, javascript",2.0,27.21,Madrid ,
1f37d42c7223d6ceac682ec73e286d70,senior,Programmer,"java, microservices, maven, spring, angular, hibernate, javascript",3.0,35.21,Madrid ,
bfd99371c2bb4fef9a117d4df835511a,senior,Programmer,"java, microservices, maven, spring, angular, hibernate, javascript",3.0,35.21,Madrid ,
4b40a403c64e8623e93733737d78eb16,senior,Programmer,"java, microservices, maven, spring, angular, hibernate, javascript",4.0,40.28,Madrid ,
3606d24fbc4baa303f88195a75db86e4,senior,Programmer,"java, microservices, maven, spring, angular, hibernate, javascript",3.0,35.21,Madrid ,
1c893964eb6d2ad4b17541be40e5a77e,junior,Programmer,"java, microservices, maven, spring, angular, hibernate, javascript",2.0,27.21,Madrid ,
07bc86cf7beaf9673e993767dded0f81,senior,Programmer,"java, microservices, maven, spring, angular, hibernate, javascript",3.0,35.21,Madrid ,
824ee9910e7573c4451450784029d229,senior,Programmer,"java, microservices, maven, spring, angular, hibernate, javascript",3.0,35.21,Madrid ,
9bc53ff9429f03330519f252f4fa12a5,senior,Programmer,"java, microservices, maven, spring, angular, hibernate, javascript",3.0,35.21,Madrid ,
cd33e1ba860e28c14c295a1c6372e2a0,senior,Programmer,"java, microservices, maven, spring, angular, hibernate, javascript",3.0,35.21,Madrid ,
bd9d08fa397d37df766989c7f6d7c2bc,senior,Programmer,"java, microservices, maven, spring, angular, hibernate, javascript",3.0,35.21,Madrid ,
9bf1af717ece4e762d5dd3dbf3eb31c2,junior,Programmer,"java, microservices, maven, spring, angular, hibernate, javascript",2.0,27.21,Madrid ,
f8bd7d7816746bf02c0b7c64ab25d81d,junior,Programmer,"java, microservices, maven, spring, angular, hibernate, javascript",2.0,27.21,Madrid ,
2d8d292175a00d1889b78248aa3a2737,junior,Programmer,"java, microservices, maven, spring, angular, hibernate, javascript",2.0,27.21,Madrid ,
54fa80ebbb8449b6d720ac86730f05ab,junior,Programmer,"java, microservices, maven, spring, angular, hibernate, javascript",1.0,18.75,Madrid ,
992c196a0fb7eaeaf57ed3b40c1b0e5d,junior,Programmer,"java, microservices, maven, spring, angular, hibernate, javascript",1.0,18.75,Madrid ,
4d763adb0514f54c44f9fd026c0f40e5,junior,Programmer,"java, microservices, maven, spring, angular, hibernate, javascript",2.0,27.21,Madrid ,
11a4e54ccc8b2a534b75f9b5c50c9dae,junior,Programmer,"java, microservices, maven, spring, angular, hibernate, javascript",1.0,18.75,Madrid ,
2a52e278561c854b64a09acb81e45bc8,junior,Programmer,"java, microservices, maven, spring, angular, hibernate, javascript",1.0,18.75,Madrid ,
0e49d17a66d7f3f422cdbb94775dfab7,junior,Programmer,"java, microservices, maven, spring, angular, hibernate, javascript",2.0,27.21,Madrid ,
92fcb6e5e2ff87c17aa32db4e63febc7,senior,Programmer,"java, microservices, maven, spring, angular, hibernate, javascript",3.0,35.21,Madrid ,
39748e7fd368ed93483a1b4cadc042a8,senior,Programmer,"java, microservices, maven, spring, angular, hibernate, javascript",6.0,40.37,Madrid ,
075d34bd9f9f22f252f89179200c50d1,senior,Programmer,"java, microservices, maven, spring, angular, hibernate, javascript",5.0,39.09,Madrid ,
b3f82636797f06214398c0f8eb5c7df9,senior,Programmer,"java, microservices, maven, spring, angular, hibernate, javascript",4.0,40.28,Madrid ,
2f9886e9437a51198558d6a7e7de8a75,junior,Programmer,"java, microservices, maven, spring, angular, hibernate, javascript",2.0,27.21,Madrid ,
bc566413a8f0862a32a94c46c60fd8f4,senior,Programmer,"java, microservices, maven, spring, angular, hibernate, javascript",5.0,39.09,Madrid ,
68f536bd641204903221af17eb0326de,senior,Programmer,"java, microservices, maven, spring, angular, hibernate, javascript",6.0,40.37,Madrid ,
96b8e14e3ff7ae4089da24aaf3d5b2f5,senior,Programmer,"java, microservices, maven, spring, angular, hibernate, javascript",4.0,40.28,Madrid ,
c6eb2d367deedf82f945be282f68b35d,junior,Programmer,"java, microservices, maven, spring, angular, hibernate, javascript",2.0,27.21,Madrid ,
dafc904ac17f1fdbdbf8f91277fbf01b,senior,Programmer,"java, microservices, maven, spring, angular, hibernate, javascript",4.0,40.28,Madrid ,
af1f97aa3746cf1bea0e9c95510615b9,senior,Programmer,"java, microservices, maven, spring, angular, hibernate, javascript",3.0,35.21,Madrid ,
5788d2f1f4545132ad0b4f88449e3f53,senior,Programmer,"java, microservices, maven, spring, angular, hibernate, javascript",7.0,41.07,Madrid ,
5e28fba6b13da973bdb635deec0e746f,junior,Programmer,"java, microservices, maven, spring, angular, hibernate, javascript",2.0,27.21,Madrid ,
c9950de94617e6c8d92bec51c0335418,senior,Programmer,"java, microservices, maven, spring, angular, hibernate, javascript",4.0,40.28,Madrid ,
203f90cb9fc04c22dbcd0f545b798c9c,senior,Programmer,"java, microservices, maven, spring, angular, hibernate, javascript",5.0,39.09,Madrid ,
26e0ca56885a9b62877070a48e85f6ca,senior,Programmer,"java, microservices, maven, spring, angular, hibernate, javascript",5.0,39.09,Madrid ,
a1ae5edb76d19dbfd0a18547d6667b2e,senior,Programmer,"java, microservices, maven, spring, angular, hibernate, javascript",6.0,40.37,Madrid ,
9e68022b0a96c771c87d395f828a8fd9,senior,Programmer,"java, microservices, maven, spring, angular, hibernate, javascript",3.0,35.21,Madrid ,
324dd963c706c26887b4fb358931e5f9,senior,Programmer,"java, microservices, maven, spring, angular, hibernate, javascript",3.0,35.21,Madrid ,
3abbad784936fdbee35db8a4bfd91c34,senior,Programmer,"java, microservices, maven, spring, angular, hibernate, javascript",3.0,35.21,Madrid ,
c118c7fcd551f0d6931439712bea88b9,junior,Programmer,"java, microservices, maven, spring, angular, hibernate, javascript",2.0,27.21,Madrid ,
a7e3c8b9e13bef690527c7d66f7273aa,senior,Programmer,"java, microservices, maven, spring, angular, hibernate, javascript",4.0,40.28,Madrid ,
2af9c8ea2303cfe010e4411c2ee2483b,senior,Programmer,"java, microservices, maven, spring, angular, hibernate, javascript",5.0,39.09,Madrid ,
c4805b98345dc71cd77087ea558146c7,senior,Programmer,"java, microservices, maven, spring, angular, hibernate, javascript",4.0,40.28,Madrid ,
7391bb0ed83ac5d4e240c5a4aedc3da1,senior,Programmer,"java, microservices, maven, spring, angular, hibernate, javascript",4.0,40.28,Madrid ,
72bf9444279936d47b023955fe72619f,senior,Programmer,"java, microservices, maven, spring, angular, hibernate, javascript",4.0,40.28,Madrid ,
8f4397c42c55d00a60944bfb189bc4c3,senior,Programmer,"java, microservices, maven, spring, angular, hibernate, javascript",4.0,40.28,Madrid ,
2e6cac37277090d4bb29a4033900921e,senior,Programmer,"java, microservices, maven, spring, angular, hibernate, javascript",4.0,40.28,Madrid ,
fdf512fc643047f2e5f905d9dbc90db7,senior,Programmer,"java, microservices, maven, spring, angular, hibernate, javascript",4.0,40.28,Madrid ,
5518133ee0862696a9fd12b88f5d3a7c,senior,Programmer,"java, microservices, maven, spring, angular, hibernate, javascript",3.0,35.21,Madrid ,
e141c43b9af022eae5df2fe953fd20b2,senior,Programmer,"java, microservices, maven, spring, angular, hibernate, javascript",3.0,35.21,Madrid ,
dc8f1567fcf5ef7da1e80b1d66ff5037,senior,Programmer,"java, microservices, maven, spring, angular, hibernate, javascript",3.0,35.21,Madrid ,
6a114d43bac4bfa00898151bcd76329b,senior,Programmer,"java, microservices, maven, spring, angular, hibernate, javascript",3.0,35.21,Madrid ,
77ba40d2e77339ec915a9a898b3559cc,senior,Programmer,"java, microservices, maven, spring, angular, hibernate, javascript",3.0,35.21,Madrid ,
ec8c618f6d83348e0629ec9b2c91786b,senior,Programmer,"java, microservices, maven, spring, angular, hibernate, javascript",3.0,35.21,Madrid ,
75586cc0569341ab254ac8a00b165d28,senior,Programmer,"java, microservices, maven, spring, angular, hibernate, javascript",3.0,35.21,Madrid ,
685748d2654583909245964776008ceb,senior,Programmer,"java, microservices, maven, spring, angular, hibernate, javascript",3.0,35.21,Madrid ,
d626a7799fc5d6b350287eb3f83e2b94,senior,Programmer,"java, microservices, maven, spring, angular, hibernate, javascript",3.0,35.21,Madrid ,
4019d0d9b8b16f7d96e1119a851a5bb6,senior,Programmer,"java, microservices, maven, spring, angular, hibernate, javascript",3.0,35.21,Madrid ,
d295e7ed5be81cd5c76b19bbd3c5b226,senior,Programmer,"java, microservices, maven, spring, angular, hibernate, javascript",3.0,35.21,Madrid ,
0a1dda3e1d8b31c76ad672c5fd38caba,senior,Programmer,"java, microservices, maven, spring, angular, hibernate, javascript",3.0,35.21,Madrid ,
cea287f1487252da1b11dad467b72649,junior,Programmer,"java, microservices, maven, spring, angular, hibernate, javascript",2.0,27.21,Madrid ,
f0235c63d521aa79ce150dcd07c2ac0f,junior,Programmer,"java, microservices, maven, spring, angular, hibernate, javascript",2.0,27.21,Madrid ,
e1ba2878b1cb9b07e722394c0e7a7159,junior,Programmer,"java, microservices, maven, spring, angular, hibernate, javascript",2.0,27.21,Madrid ,
317df5dadea454847825e0946ae2de62,junior,Programmer,"java, microservices, maven, spring, angular, hibernate, javascript",2.0,27.21,Madrid ,
eaf8793e760d1b18448c957c3259baa7,junior,Programmer,"java, microservices, maven, spring, angular, hibernate, javascript",2.0,27.21,Madrid ,
997f8b6e2bcece452085f1a176d1cdba,junior,Programmer,"java, microservices, maven, spring, angular, hibernate, javascript",2.0,27.21,Madrid ,
6691080b6764a633963a51c26892edd8,senior,Programmer,"java, microservices, maven, spring, angular, hibernate, javascript",3.0,35.21,Madrid ,
042530c0980af5459fc69dbf2b77275f,senior,Programmer,"java, microservices, maven, spring, angular, hibernate, javascript",4.0,40.28,Madrid ,
80b669c425ec681422fca2a61fe2bf58,junior,Programmer,"java, microservices, maven, spring, angular, hibernate, javascript",2.0,27.21,Madrid ,
deb7e051d63e875d82f0451128bccee5,junior,Programmer,"java, microservices, maven, spring, angular, hibernate, javascript",2.0,27.21,Madrid ,
6a38363403ea186e371963f816b2254f,junior,Programmer,"java, microservices, maven, spring, angular, hibernate, javascript",2.0,27.21,Madrid ,
0e86a7829e4a9c659674faaeb31f830c,junior,Programmer,"java, microservices, maven, spring, angular, hibernate, javascript",2.0,27.21,Madrid ,
079430ddf163a9087a932dd6183574bf,junior,Programmer,"java, microservices, maven, spring, angular, hibernate, javascript",2.0,27.21,Madrid ,
02dbc30fc6549d97e42c07d1f8bfac8b,senior,Programmer,"java, microservices, maven, spring, angular, hibernate, javascript",5.0,39.09,Madrid ,
966d60d71c29403a68e3bfbad7dbca03,senior,Programmer,"java, microservices, maven, spring, angular, hibernate, javascript",5.0,39.09,Madrid ,
d80e9ae57e89537b43d040be331fdcaf,senior,Programmer,"java, microservices, maven, spring, angular, hibernate, javascript",5.0,39.09,Madrid ,
7ac97d806d055821857b32e310d1dac1,senior,Programmer,"java, microservices, maven, spring, angular, hibernate, javascript",5.0,39.09,Madrid ,
118832251e4650caf0141e2b6e5a846d,senior,Programmer,"java, microservices, maven, spring, angular, hibernate, javascript",5.0,39.09,Madrid ,
43d90dc428059fc984b323db95be5a16,senior,Programmer,"microservices, java, springboot, hibernate, jpa, docker, jenkins, oracle, SQL",5.0,40.67,Madrid ,
c2cb3f80462075e58624a4d262af49ac,senior,Programmer,"microservices, java, springboot, hibernate, jpa, docker, jenkins, oracle, SQL",4.0,41.03,Madrid ,
9c9c8176218663119ced8acf3c29c560,senior,Programmer,"microservices, java, springboot, hibernate, jpa, docker, jenkins, oracle, SQL",4.0,41.03,Madrid ,
a25643570d75998779cc4c4b6a63454a,senior,Programmer,"microservices, java, springboot, hibernate, jpa, docker, jenkins, oracle, SQL",4.0,41.03,Madrid ,
e7eb3ed512ce5bcc8c7b2fefab59f5bb,senior,Programmer,"microservices, java, springboot, hibernate, jpa, docker, jenkins, oracle, SQL",4.0,41.03,Madrid ,
0e7774fdf09d79ea0e9dbb921386cb6f,senior,Programmer,"microservices, java, springboot, hibernate, jpa, docker, jenkins, oracle, SQL",4.0,41.03,Madrid ,
98d0ea623780e307d3c9c84707a0869a,senior,Programmer,"microservices, java, springboot, hibernate, jpa, docker, jenkins, oracle, SQL",3.0,35.49,Madrid ,
d87a6562766dafaa390aff310679c012,senior,Programmer,"microservices, java, springboot, hibernate, jpa, docker, jenkins, oracle, SQL",3.0,35.49,Madrid ,
1e08161858db51b0ad0a4137d8ac7295,senior,Programmer,"microservices, java, springboot, hibernate, jpa, docker, jenkins, oracle, SQL",3.0,35.49,Madrid ,
8e3abd242a61d03cc0d527aa1f0c037d,senior,Programmer,"microservices, java, springboot, hibernate, jpa, docker, jenkins, oracle, SQL",3.0,35.49,Madrid ,
5ba916f7d06e4deb9e2e8129b9543657,senior,Programmer,"microservices, java, springboot, hibernate, jpa, docker, jenkins, oracle, SQL",3.0,35.49,Madrid ,
2fd876868825040928206a65b29bc81c,senior,Programmer,"microservices, java, springboot, hibernate, jpa, docker, jenkins, oracle, SQL",3.0,35.49,Madrid ,
8cf1132563ecc0542fef86c7f9e00b8a,senior,Programmer,"microservices, java, springboot, hibernate, jpa, docker, jenkins, oracle, SQL",3.0,35.49,Madrid ,
a7bddd6d75d739b304d9bf3f35efdb66,senior,Programmer,"microservices, java, springboot, hibernate, jpa, docker, jenkins, oracle, SQL",4.0,41.03,Madrid ,
4cd16839b3f3011999a50d28d450b2aa,senior,Programmer,"microservices, java, springboot, hibernate, jpa, docker, jenkins, oracle, SQL",5.0,40.67,Madrid ,
7edcdd7f021f945c6e1398104aee944c,senior,Programmer,"microservices, java, springboot, hibernate, jpa, docker, jenkins, oracle, SQL",5.0,40.67,Madrid ,
fb07034f648fdaf96f48e066697d888a,senior,Programmer,"microservices, java, springboot, hibernate, jpa, docker, jenkins, oracle, SQL",5.0,40.67,Madrid ,
9666d4610769d3c3ae3b5a4185a705f1,senior,Programmer,"microservices, java, springboot, hibernate, jpa, docker, jenkins, oracle, SQL",6.0,42.54,Madrid ,
553c9a30e6ceadde2ea1ce7c389da50e,senior,Programmer,"microservices, java, springboot, hibernate, jpa, docker, jenkins, oracle, SQL",3.0,35.49,Madrid ,
1fdc1c28df98f4c98af44f95fa78e06e,senior,Programmer,"microservices, java, springboot, hibernate, jpa, docker, jenkins, oracle, SQL",3.0,35.49,Madrid ,
cb4f3832f0f595f86a98e6d5910507f0,senior,Programmer,"microservices, java, springboot, hibernate, jpa, docker, jenkins, oracle, SQL",3.0,35.49,Madrid ,
947a8b3d2ab12ab4154d2517f7483238,senior,Programmer,"microservices, java, springboot, hibernate, jpa, docker, jenkins, oracle, SQL",3.0,35.49,Madrid ,
31c45923a3119ee5286a2fb64c2c2be4,junior,Programmer,"microservices, java, springboot, hibernate, jpa, docker, jenkins, oracle, SQL",2.0,27.85,Madrid ,
eee523a2325d97011884bfca654c832e,junior,Programmer,"microservices, java, springboot, hibernate, jpa, docker, jenkins, oracle, SQL",2.0,27.85,Madrid ,
e3f537ebab806eb3db60652d72d31c19,junior,Programmer,"microservices, java, springboot, hibernate, jpa, docker, jenkins, oracle, SQL",2.0,27.85,Madrid ,
bbefb064745f6667f679383dfc4e5ced,junior,Programmer,"microservices, java, springboot, hibernate, jpa, docker, jenkins, oracle, SQL",2.0,27.85,Madrid ,
8688bf3e6a18ff224476f0b6fb0dd09e,junior,Programmer,"microservices, java, springboot, hibernate, jpa, docker, jenkins, oracle, SQL",2.0,27.85,Madrid ,
c090d9e537728ce171f033e131e18463,junior,Programmer,"microservices, java, springboot, hibernate, jpa, docker, jenkins, oracle, SQL",2.0,27.85,Madrid ,
20984066bb1f6dc11ed7f3084355a88f,senior,Programmer,"microservices, java, springboot, hibernate, jpa, docker, jenkins, oracle, SQL",4.0,41.03,Madrid ,
aeaa33b4e7c21e9184b9f49c3c8b90e0,senior,Programmer,"microservices, java, springboot, hibernate, jpa, docker, jenkins, oracle, SQL",4.0,41.03,Madrid ,
85db56982a3f837320d3428b8903796a,senior,Programmer,"microservices, java, springboot, hibernate, jpa, docker, jenkins, oracle, SQL",3.0,35.49,Madrid ,
b4bea697310533880f1471a68559897d,senior,Programmer,"microservices, java, springboot, hibernate, jpa, docker, jenkins, oracle, SQL",3.0,35.49,Madrid ,
337cfa8a8de6129fded3a4f335d5b27c,senior,Programmer,"microservices, java, springboot, hibernate, jpa, docker, jenkins, oracle, SQL",3.0,35.49,Madrid ,
4a21a60d7dabd5219ab23b27a56852da,senior,Programmer,"microservices, java, springboot, hibernate, jpa, docker, jenkins, oracle, SQL",3.0,35.49,Madrid ,
220cc60748c80121c48227a7ff911c95,senior,Programmer,"microservices, java, springboot, hibernate, jpa, docker, jenkins, oracle, SQL",3.0,35.49,Madrid ,
90a49b41785d35d95f685cb932830277,junior,Programmer,"microservices, java, springboot, hibernate, jpa, docker, jenkins, oracle, SQL",2.5,32.19,Madrid ,
a80dea850473fec537bf97f01334c2bd,junior,Programmer,"microservices, java, springboot, hibernate, jpa, docker, jenkins, oracle, SQL",2.5,32.19,Madrid ,
20242255f1889ea56c20fe531aac9183,junior,Programmer,"microservices, java, springboot, hibernate, jpa, docker, jenkins, oracle, SQL",2.5,32.19,Madrid ,
26ee95a1a8198ffcdf847207d4b00117,junior,Programmer,"microservices, java, springboot, hibernate, jpa, docker, jenkins, oracle, SQL",2.5,32.19,Madrid ,
172ec9dd669c6761a907ccfc9ff9d9e1,junior,Programmer,"microservices, java, springboot, hibernate, jpa, docker, jenkins, oracle, SQL",2.5,32.19,Madrid ,
cf0f84d25dd0da4966508e49dec12259,senior,Programmer,"microservices, java, springboot, hibernate, jpa, docker, jenkins, oracle, SQL",3.0,35.49,Madrid ,
53744a6aeb33b24509253ee3c9e4407c,senior,Programmer,"microservices, java, springboot, hibernate, jpa, docker, jenkins, oracle, SQL",3.0,35.49,Madrid ,
6f5279954d7838b71b4a49bb604e0a18,senior,Programmer,"microservices, java, springboot, hibernate, jpa, docker, jenkins, oracle, SQL",3.0,35.49,Madrid ,
0eeb35c06aada63593cba7e4ad4aee0d,senior,Programmer,"microservices, java, springboot, hibernate, jpa, docker, jenkins, oracle, SQL",3.0,35.49,Madrid ,
09d833d1f193b1adac3e087099e026b8,senior,Programmer,"microservices, java, springboot, hibernate, jpa, docker, jenkins, oracle, SQL",3.0,35.49,Madrid ,
2f0d2e11fead52a7c01911d5b258102c,senior,Programmer,"microservices, java, springboot, hibernate, jpa, docker, jenkins, oracle, SQL",3.0,35.49,Madrid ,
b79dc7d9037473f413f558ccd6dca8ac,senior,Programmer,"microservices, java, springboot, hibernate, jpa, docker, jenkins, oracle, SQL",3.0,35.49,Madrid ,
27bdd0fd9a20e5b311f2474697a906d0,senior,Programmer,"microservices, java, springboot, hibernate, jpa, docker, jenkins, oracle, SQL",5.0,40.67,Madrid ,
4e58ec897afc92e92f6fcc4c9658e610,senior,Programmer,"microservices, java, springboot, hibernate, jpa, docker, jenkins, oracle, SQL",5.0,40.67,Madrid ,
e21ed227ac7658ed7e5a70d415b70bf6,senior,Programmer,"microservices, java, springboot, hibernate, jpa, docker, jenkins, oracle, SQL",5.0,40.67,Madrid ,
24b2d1f1d575e4f4fb6cbb4ef4df77c7,senior,Programmer,"microservices, java, springboot, hibernate, jpa, docker, jenkins, oracle, SQL",5.0,40.67,Madrid ,
0a2ac9aa7c796fa49809375db01e82f8,senior,Programmer,"microservices, java, springboot, hibernate, jpa, docker, jenkins, oracle, SQL",5.0,40.67,Madrid ,
18794fb2f034459faba30dab8c7e0f51,senior,Programmer,"microservices, java, springboot, hibernate, jpa, docker, jenkins, oracle, SQL",5.0,40.67,Madrid ,
147a0600f8700d51ee9ca7ae81396bf6,senior,Programmer,"microservices, java, springboot, hibernate, jpa, docker, jenkins, oracle, SQL",5.0,40.67,Madrid ,
774f89f15b9e9546617376f2d32531a7,senior,Programmer,"microservices, java, springboot, hibernate, jpa, docker, jenkins, oracle, SQL",5.0,40.67,Madrid ,
5e791588f60e2f2187066567bf4c5e02,senior,Programmer,"microservices, java, springboot, hibernate, jpa, docker, jenkins, oracle, SQL",5.0,40.67,Madrid ,
f686afff4ae3f88856a6a26e85f44b3e,junior,Programmer,"microservices, java, springboot, hibernate, jpa, docker, jenkins, oracle, SQL",2.0,27.85,Madrid ,
105bea306dd10605b2a813c06546cd45,junior,Programmer,"microservices, java, springboot, hibernate, jpa, docker, jenkins, oracle, SQL",2.0,27.85,Madrid ,
1d83f87a7404dba7e2f54668bb6d35b7,junior,Programmer,"microservices, java, springboot, hibernate, jpa, docker, jenkins, oracle, SQL",2.0,27.85,Madrid ,
e603745db97bf14657946d3df9507abc,junior,Programmer,"microservices, java, springboot, hibernate, jpa, docker, jenkins, oracle, SQL",2.0,27.85,Madrid ,
f240e8704d0cf0272d2b760d69beaf47,junior,Programmer,"microservices, java, springboot, hibernate, jpa, docker, jenkins, oracle, SQL",2.0,27.85,Madrid ,
8156cfc4708907c466587b2b194d2449,junior,Programmer,"microservices, java, springboot, hibernate, jpa, docker, jenkins, oracle, SQL",2.0,27.85,Madrid ,
bac79830a1d44fd8be71a89035d9614c,junior,Programmer,"microservices, java, springboot, hibernate, jpa, docker, jenkins, oracle, SQL",2.0,27.85,Madrid ,
c4fdae3e3361b6d27e7d8c34506bfba0,junior,Programmer,"microservices, java, springboot, hibernate, jpa, docker, jenkins, oracle, SQL",1.0,20.7,Madrid ,
bea5aec1d95bdf7402aa5ff70b4d3655,junior,Programmer,"microservices, java, springboot, hibernate, jpa, docker, jenkins, oracle, SQL",1.0,20.7,Madrid ,
71364e2ce63d5b57ed288fc8f3601cf2,senior,Programmer,"microservices, java, springboot, hibernate, jpa, docker, jenkins, oracle, SQL",4.0,41.03,Madrid ,
95924f22c0106a9107c0c01d216b4618,senior,Programmer,"microservices, java, springboot, hibernate, jpa, docker, jenkins, oracle, SQL",4.0,41.03,Madrid ,
922cdcab157d5be91a65e6c9117b0578,senior,Programmer,"microservices, java, springboot, hibernate, jpa, docker, jenkins, oracle, SQL",4.0,41.03,Madrid ,
d682bc1e14c7dffbc3852f906bb73cd0,senior,Programmer,"microservices, java, springboot, hibernate, jpa, docker, jenkins, oracle, SQL",4.0,41.03,Madrid ,
af9b11391c2ad086329d348d7a2c7c16,senior,Programmer,"microservices, java, springboot, hibernate, jpa, docker, jenkins, oracle, SQL",4.0,41.03,Madrid ,
e71baafe035bf0ad8a99df3bc03b5b85,senior,Programmer,"microservices, java, springboot, hibernate, jpa, docker, jenkins, oracle, SQL",4.0,41.03,Madrid ,
41422edfcafc58a3f3af224b582e7586,senior,Programmer,"microservices, java, springboot, hibernate, jpa, docker, jenkins, oracle, SQL",4.0,41.03,Madrid ,
13e76aace4fbf6c0e14b7051010eb953,senior,Programmer,"microservices, java, springboot, hibernate, jpa, docker, jenkins, oracle, SQL",4.0,41.03,Madrid ,
b4bc11b98b0189c1d1844f0565c11ffa,senior,Programmer,"microservices, java, springboot, hibernate, jpa, docker, jenkins, oracle, SQL",4.0,41.03,Madrid ,
66acc8c42cfcd2d54a96c62bba208b3d,senior,Programmer,"microservices, java, springboot, hibernate, jpa, docker, jenkins, oracle, SQL",4.0,41.03,Madrid ,
c31074fcce1171a9a605b60530cb9866,senior,Programmer,"microservices, java, springboot, hibernate, jpa, docker, jenkins, oracle, SQL",4.0,41.03,Madrid ,
28c24757c506aef048cbf0492f9f4b08,senior,Programmer,"microservices, java, springboot, hibernate, jpa, docker, jenkins, oracle, SQL",4.0,41.03,Madrid ,
7ac3b997bb821917966ea1ca655b3e6c,senior,Programmer,"microservices, java, springboot, hibernate, jpa, docker, jenkins, oracle, SQL",4.0,41.03,Madrid ,
437778dd1e8cecb82d1b09b3a3feed7b,senior,Programmer,"microservices, java, springboot, hibernate, jpa, docker, jenkins, oracle, SQL",3.0,35.49,Madrid ,
5e6ab50d4906567187a473b4f7566a9f,senior,Programmer,"microservices, java, springboot, hibernate, jpa, docker, jenkins, oracle, SQL",3.0,35.49,Madrid ,
7ccdf53567729dfa3e4d9169e23ee515,senior,Programmer,"microservices, java, springboot, hibernate, jpa, docker, jenkins, oracle, SQL",3.0,35.49,Madrid ,
bea15091075eeda473120a63cf6cbd40,senior,Programmer,"microservices, java, springboot, hibernate, jpa, docker, jenkins, oracle, SQL",3.0,35.49,Madrid ,
54b76245e83be33e31764e354ef8a340,senior,Programmer,"microservices, java, springboot, hibernate, jpa, docker, jenkins, oracle, SQL",3.0,35.49,Madrid ,
a6e132503f12777e75105c807f678449,senior,Programmer,"microservices, java, springboot, hibernate, jpa, docker, jenkins, oracle, SQL",3.0,35.49,Madrid ,
c69614f0beb5a127399cc353ae10a545,senior,Programmer,"microservices, java, springboot, hibernate, jpa, docker, jenkins, oracle, SQL",3.0,35.49,Madrid ,
58fe5dde2ea72314be457e2d410fc3b6,senior,Programmer,"microservices, java, springboot, hibernate, jpa, docker, jenkins, oracle, SQL",3.0,35.49,Madrid ,
203d7e324381717b995627898c1182a8,senior,Programmer,"microservices, java, springboot, hibernate, jpa, docker, jenkins, oracle, SQL",3.0,35.49,Madrid ,
8b834491d1c4a48bc0908d1ebb2b86e1,junior,Programmer,"microservices, java, springboot, hibernate, jpa, docker, jenkins, oracle, SQL",2.0,27.85,Madrid ,
e46365e485fadb6a5319c901ed713dfc,junior,Programmer,"microservices, java, springboot, hibernate, jpa, docker, jenkins, oracle, SQL",2.0,27.85,Madrid ,
58a8f550b1286e163c8c8ee7ced6fc50,junior,Programmer,"microservices, java, springboot, hibernate, jpa, docker, jenkins, oracle, SQL",2.0,27.85,Madrid ,
a628c862d79b458de36df40553dfe1eb,senior,Programmer,"microservices, java, springboot, hibernate, jpa, docker, jenkins, oracle, SQL",3.0,35.49,Madrid ,
d36203b003df797b55ec55f566a48e2f,senior,Programmer,"microservices, java, springboot, hibernate, jpa, docker, jenkins, oracle, SQL",3.0,35.49,Madrid ,
ca87c75db8715a94a38293117bcd88a3,senior,Programmer,"microservices, java, springboot, hibernate, jpa, docker, jenkins, oracle, SQL",3.0,35.49,Madrid ,
a9398fb1d252b787e257d34d8fe6f4c2,senior,Programmer,"microservices, java, springboot, hibernate, jpa, docker, jenkins, oracle, SQL",3.0,35.49,Madrid ,
8499bc7451b066af41174539816322e8,senior,Programmer,"microservices, java, springboot, hibernate, jpa, docker, jenkins, oracle, SQL",3.0,35.49,Madrid ,
a5d79a1dce640a8e2eb036d784a1dba9,senior,Programmer,"microservices, java, springboot, hibernate, jpa, docker, jenkins, oracle, SQL",3.0,35.49,Madrid ,
61b487549eb479a3274ae91b61019aba,senior,Programmer,"microservices, java, springboot, hibernate, jpa, docker, jenkins, oracle, SQL",3.0,35.49,Madrid ,
970a0e7d19ee23aa885b6a17a5e33de8,senior,Programmer,"microservices, java, springboot, hibernate, jpa, docker, jenkins, oracle, SQL",3.0,35.49,Madrid ,
8bd54aebd0b044a3e13894ed2f2d6ee1,junior,Programmer,"microservices, java, springboot, hibernate, jpa, docker, jenkins, oracle, SQL",1.0,20.7,Madrid ,
8dc7ef1e312920b48e91cea3fbcb3b13,junior,Programmer,"microservices, java, springboot, hibernate, jpa, docker, jenkins, oracle, SQL",1.0,20.7,Madrid ,
503ef9e35cff58f2af61cbcd64aa415a,junior,Programmer,"microservices, java, springboot, hibernate, jpa, docker, jenkins, oracle, SQL",1.0,20.7,Madrid ,
2db5ec4890eb85625278f976347dbe41,junior,Programmer,"microservices, java, springboot, hibernate, jpa, docker, jenkins, oracle, SQL",1.0,20.7,Madrid ,
ddd9072eff28bfa8c4f0a5b307a01011,junior,Programmer,"microservices, java, springboot, hibernate, jpa, docker, jenkins, oracle, SQL",1.0,20.7,Madrid ,
7b464dfcf93967f419f8f73b25dd8404,junior,Programmer,"microservices, java, springboot, hibernate, jpa, docker, jenkins, oracle, SQL",1.0,20.7,Madrid ,
b9eb782978b46d1df019b5eabe3f5aa0,junior,Programmer,"microservices, java, springboot, hibernate, jpa, docker, jenkins, oracle, SQL",1.0,20.7,Madrid ,
60a3ac7378669a27a90843df5af7f10b,senior,Programmer,"microservices, java, springboot, hibernate, jpa, docker, jenkins, oracle, SQL",5.0,40.67,Madrid ,
80184b7f05b7e691173534f7cc77e4a5,senior,Programmer,"microservices, java, springboot, hibernate, jpa, docker, jenkins, oracle, SQL",5.0,40.67,Madrid ,
63d25e48337bd066303acb8c542195e9,senior,Programmer,"microservices, java, springboot, hibernate, jpa, docker, jenkins, oracle, SQL",5.0,40.67,Madrid ,
eb5ff9eefae33af6c728bba2e5367901,senior,Programmer,"microservices, java, springboot, hibernate, jpa, docker, jenkins, oracle, SQL",5.0,40.67,Madrid ,
e0fb6aa6f9bdd9c603ce0a1463bac251,senior,Programmer,"microservices, java, springboot, hibernate, jpa, docker, jenkins, oracle, SQL",3.0,35.49,Madrid ,
a1f32c8747f88efafd39a5149d04d37c,senior,Programmer,"microservices, java, springboot, hibernate, jpa, docker, jenkins, oracle, SQL",3.0,35.49,Madrid ,
6b91b490acea6d9d8b5d3911d2a5a5dd,senior,Programmer,"microservices, java, springboot, hibernate, jpa, docker, jenkins, oracle, SQL",3.0,35.49,Madrid ,
5d7e81f5af3a3b4ecbc88eda01b1497f,senior,Programmer,"microservices, java, springboot, hibernate, jpa, docker, jenkins, oracle, SQL",3.0,35.49,Madrid ,
3b62b3a5b1512eba72911426c33e0bb0,senior,Programmer,"microservices, java, springboot, hibernate, jpa, docker, jenkins, oracle, SQL",3.0,35.49,Madrid ,
1c115f5c54f17281c9f154508e87d6c4,senior,Programmer,"microservices, java, springboot, hibernate, jpa, docker, jenkins, oracle, SQL",3.0,35.49,Madrid ,
ef4ba07588488926fb7e96b5b844c7a3,senior,Programmer,"microservices, java, springboot, hibernate, jpa, docker, jenkins, oracle, SQL",3.0,35.49,Madrid ,
f046b3c43b34c573aafef882931c7dc1,senior,Programmer,"microservices, java, springboot, hibernate, jpa, docker, jenkins, oracle, SQL",3.0,35.49,Madrid ,
d5f9bf495c8461ca4d6213a49513601a,junior,Programmer,"microservices, java, springboot, hibernate, jpa, docker, jenkins, oracle, SQL",2.0,27.85,Madrid ,
f7be0c2e1a5dfdd96f4a5508fcc4cace,junior,Programmer,"microservices, java, springboot, hibernate, jpa, docker, jenkins, oracle, SQL",2.0,27.85,Madrid ,
c781eb5f4c1da87eca519569844ca538,junior,Programmer,"microservices, java, springboot, hibernate, jpa, docker, jenkins, oracle, SQL",2.0,27.85,Madrid ,
1241ee718a77c3f2f2c3dd7cb9db1d5e,junior,Programmer,"microservices, java, springboot, hibernate, jpa, docker, jenkins, oracle, SQL",2.0,27.85,Madrid ,
eaeebf61c202900ecfa7534370296e14,junior,Programmer,"microservices, java, springboot, hibernate, jpa, docker, jenkins, oracle, SQL",2.0,27.85,Madrid ,
b4a354d7b11bc84376c32c4a4dfc47ef,junior,Programmer,"microservices, java, springboot, hibernate, jpa, docker, jenkins, oracle, SQL",2.0,27.85,Madrid ,
27f01a1145eca0787ef33b4881062291,junior,Programmer,"microservices, java, springboot, hibernate, jpa, docker, jenkins, oracle, SQL",2.0,27.85,Madrid ,
20c76b2e77a24cb80fd22763b4140f19,junior,Programmer,"microservices, java, springboot, hibernate, jpa, docker, jenkins, oracle, SQL",2.0,27.85,Madrid ,
80dffea4a794d0e03e02a45a79ce5d99,junior,Programmer,"microservices, java, springboot, hibernate, jpa, docker, jenkins, oracle, SQL",2.0,27.85,Madrid ,
d3feee24a4ba45a5bf9189ecdc0a3ffd,senior,Programmer,"microservices, java, springboot, hibernate, jpa, docker, jenkins, oracle, SQL",3.5,40.32,Madrid ,
01466c0dd88dead548e6ceffcf318d7a,junior,Programmer,"microservices, java, springboot, hibernate, jpa, docker, jenkins, oracle, SQL",2.5,32.19,Madrid ,
cba56b2b5838b2093f8f95cd0e9d70d5,junior,Programmer,"microservices, java, springboot, hibernate, jpa, docker, jenkins, oracle, SQL",2.5,32.19,Madrid ,
dc616a6f5ee2247eca1e6efb8ca24f92,junior,Programmer,"microservices, java, springboot, hibernate, jpa, docker, jenkins, oracle, SQL",2.5,32.19,Madrid ,
748957297dcc501fd3409eace0f1d4e1,junior,Programmer,"microservices, java, springboot, hibernate, jpa, docker, jenkins, oracle, SQL",2.5,32.19,Madrid ,
8c9b39f371c08a39be05f961209a7386,junior,Programmer,"microservices, java, springboot, hibernate, jpa, docker, jenkins, oracle, SQL",2.5,32.19,Madrid ,
35f54df2737f8428a72c5040c485d4f8,senior,Programmer,"microservices, java, springboot, hibernate, jpa, docker, jenkins, oracle, SQL",3.5,40.32,Madrid ,
a3cbd38afa21bc137b43a7ef4578be96,senior,Programmer,"microservices, java, springboot, hibernate, jpa, docker, jenkins, oracle, SQL",3.5,40.32,Madrid ,
93a9cdec8a16fce63c9514f0eca4c5f6,senior,Programmer,"microservices, java, springboot, hibernate, jpa, docker, jenkins, oracle, SQL",3.5,40.32,Madrid ,
ffee1620f27416f67be56614b8162d6a,senior,Programmer,"microservices, java, springboot, hibernate, jpa, docker, jenkins, oracle, SQL",3.5,40.32,Madrid ,
752f41312ffcf8fcf83252751c788810,senior,Programmer,"microservices, java, springboot, hibernate, jpa, docker, jenkins, oracle, SQL",3.5,40.32,Madrid ,
b4c63589a37fe71e7bb6b9ddc980e773,senior,Programmer,"microservices, java, springboot, hibernate, jpa, docker, jenkins, oracle, SQL",3.5,40.32,Madrid ,
178408ced7e7e133c2d69fafeb96c46f,senior,Programmer,"microservices, java, springboot, hibernate, jpa, docker, jenkins, oracle, SQL",3.5,40.32,Madrid ,
01c34edbf3e47b1fa61fb1faa4255a13,senior,Programmer,"microservices, java, springboot, hibernate, jpa, docker, jenkins, oracle, SQL",3.5,40.32,Madrid ,
59cab355065c6f5e8a228d1f3253f896,senior,Programmer,"microservices, java, springboot, hibernate, jpa, docker, jenkins, oracle, SQL",3.5,40.32,Madrid ,
025ef4d24d0f49f223968b40d26f4518,senior,Programmer,"microservices, java, springboot, hibernate, jpa, docker, jenkins, oracle, SQL",4.0,41.03,Madrid ,
dff489fa1208cde77e7a5aec31ec335d,senior,Programmer,"microservices, java, springboot, hibernate, jpa, docker, jenkins, oracle, SQL",4.0,41.03,Madrid ,
fff21b587fd9f7427c0032433eff453e,junior,Programmer,"microservices, java, springboot, hibernate, jpa, docker, jenkins, oracle, SQL",2.5,32.19,Madrid ,
42affe6337862fac8498645409a1381a,junior,Programmer,"microservices, java, springboot, hibernate, jpa, docker, jenkins, oracle, SQL",2.5,32.19,Madrid ,
324332a75b063dfaa8a61ebfa6d60a51,junior,Programmer,"microservices, java, springboot, hibernate, jpa, docker, jenkins, oracle, SQL",2.5,32.19,Madrid ,
e0c004a6399060fa255fd4822fc98780,junior,Programmer,"microservices, java, springboot, hibernate, jpa, docker, jenkins, oracle, SQL",2.5,32.19,Madrid ,
4fd74e835e6100ce2b07648941defae0,junior,Programmer,"microservices, java, springboot, hibernate, jpa, docker, jenkins, oracle, SQL",2.5,32.19,Madrid ,
d0a2f9a7e8ef7550ee3ce6217e4df59b,junior,Programmer,"microservices, java, springboot, hibernate, jpa, docker, jenkins, oracle, SQL",2.5,32.19,Madrid ,
5ec4dd008b27867ec3acaa75518a25cb,junior,Programmer,"microservices, java, springboot, hibernate, jpa, docker, jenkins, oracle, SQL",2.0,27.85,Madrid ,
ddcfbcc007fab6032d82af3592aead23,senior,Programmer,"microservices, java, springboot, hibernate, jpa, docker, jenkins, oracle, SQL",3.0,35.49,Madrid ,
e5a98daf562cc4a837ac765c6203a462,senior,Programmer,"microservices, java, springboot, hibernate, jpa, docker, jenkins, oracle, SQL",3.0,35.49,Madrid ,
59893fbc02b21a2636d09b1a8435bb17,senior,Programmer,"microservices, java, springboot, hibernate, jpa, docker, jenkins, oracle, SQL",3.0,35.49,Madrid ,
422142128a9758844b9e1d4feaee78cc,senior,Programmer,"microservices, java, springboot, hibernate, jpa, docker, jenkins, oracle, SQL",3.0,35.49,Madrid ,
29b13c73fa1765176dec161e33ecf9dd,junior,Programmer,"microservices, java, springboot, hibernate, jpa, docker, jenkins, oracle, SQL",1.0,20.7,Madrid ,
8faa923e9f75c020cfee32f5a08a697d,junior,Programmer,"microservices, java, springboot, hibernate, jpa, docker, jenkins, oracle, SQL",1.0,20.7,Madrid ,
31dc1ad9e6de7c05f68fe039d6c38426,junior,Programmer,"microservices, java, springboot, hibernate, jpa, docker, jenkins, oracle, SQL",1.0,20.7,Madrid ,
6ab23618bd3118cbc79c8bb419232a7c,junior,Programmer,"microservices, java, springboot, hibernate, jpa, docker, jenkins, oracle, SQL",1.0,20.7,Madrid ,
bc1d5e931d7c094c89dcfa38eeeedfac,junior,Programmer,"microservices, java, springboot, hibernate, jpa, docker, jenkins, oracle, SQL",1.0,20.7,Madrid ,
4aebc97d4495af68aabb584b6e1f2ae1,junior,Programmer,"microservices, java, springboot, hibernate, jpa, docker, jenkins, oracle, SQL",2.5,32.19,Madrid ,
3580cf29b186e8cefbb707d0d2fdb847,senior,Programmer,"microservices, java, springboot, hibernate, jpa, docker, jenkins, oracle, SQL",4.0,41.03,Madrid ,
1c4dd474bbf621b6b828aaf66b9124e6,senior,Programmer,"microservices, java, springboot, hibernate, jpa, docker, jenkins, oracle, SQL",4.0,41.03,Madrid ,
1a80e30f02f9cd748db1f0dd0ab362c4,senior,Programmer,"microservices, java, springboot, hibernate, jpa, docker, jenkins, oracle, SQL",4.0,41.03,Madrid ,
b1d40176af1a92a0d9b615d7f72667ab,senior,Programmer,"microservices, java, springboot, hibernate, jpa, docker, jenkins, oracle, SQL",4.0,41.03,Madrid ,
ca0d0ab08cf4098f8ad58b926fa40f31,senior,Programmer,"microservices, java, springboot, hibernate, jpa, docker, jenkins, oracle, SQL",5.0,40.67,Madrid ,
5a5d10e39fdd3f3c9c49988ba973ee0b,senior,Programmer,"java, angular, javascript, oracle, SQL, spring, maven",3.0,30.24,Madrid,
32e304be54527d7535aeac8fd3893bf1,senior,Testing,"cucumber, selenium, jenkins, java, scrum, guerkin",5.0,53.73,Madrid,
2f74da86332cba0fd1ff69691c5c62c1,junior,Testing,"cucumber, selenium, jenkins, java, scrum, guerkin",2.0,25.13,,
2546ab12b45b3d3f1fe16fc72c38e20b,senior,Mobile,"android, kotlin, nodejs, reactjs, SQL, android studio, java, web services",4.0,45.0,Madrid,
3efe355192fbbf8348bf329e6cc0e85c,senior,Mobile,"android, kotlin, nodejs, reactjs, SQL, android studio, java, web services",3.0,40.0,Madrid,
ec17fdbd041cd8ffebdca9e9e617ecb0,senior,Mobile,"android, kotlin, nodejs, reactjs, SQL, android studio, java, web services",4.0,47.0,Madrid,
0ee8f3d12362270456c1f647b4f4deba,senior,Mobile,"android, kotlin, nodejs, reactjs, SQL, android studio, java, web services",3.0,38.0,Madrid,
64cf5e581a931334245ff587d1b18b95,junior,Mobile,"android, kotlin, nodejs, reactjs, SQL, android studio, java, web services",2.0,35.0,Madrid,
1fef73c84485406669ea9bf3e1bf352a,senior,Mobile,"android, kotlin, nodejs, reactjs, SQL, android studio, java, web services",3.0,40.0,Madrid,Majísimo. Orange Bank no le encaja por ubicación. Vive en Hortaleza. Quiere teletrabajo si es posible. 
fc2b4cd9d9c799905bdae52d9ab6c9e2,senior,Testing,"cucumber, selenium, jenkins, java, scrum, guerkin",3.0,32.0,Madrid,D.E. por las tardes D.I. 15 días laborables
1a4ae00b2b2f438fa9283b2039e26e82,senior,Programmer,"microservices, java, springboot, kubernetes, docker, SQL, hibernate",4.0,40.0,Madrid,
30b6086a6f8ee6d037efda7083b6edb4,junior,Analyst/Programmer,"microservices, java, springboot, hibernate, jpa, docker, jenkins, oracle, SQL",2.0,37.0,Madrid,
09b7af133e373b9ca06753329772297e,junior,Testing,"cucumber, selenium, jenkins, java, scrum, guerkin",2.0,29.0,Madrid,
9c620029700971a91d94e9ce94ba29a9,senior,Mobile,"android, kotlin, nodejs, reactjs, SQL, android studio, java, web services",3.0,42.0,Madrid,
0e633a6ccafe3886b9f2708a774561e9,senior,Mobile,"android, kotlin, nodejs, reactjs, SQL, android studio, java, web services",4.0,47.0,Madrid,
b1cadfea50d514c07c830fa4794bd3a3,senior,Programmer,"java, spring, hibernate, maven, eclipse, SQL, oracle, HTML5, CSS3, javascript",3.0,28.0,Málaga,
261a7e7af832d1bad03a329d64ed5e17,senior,Programmer,"java, spring, hibernate, maven, eclipse, SQL, oracle, HTML5, CSS3, javascript",3.0,30.0,Málaga,
4b043cd67a41e15f4828dcc33b85753d,junior,Programmer,"java, spring, hibernate, maven, eclipse, SQL, oracle, HTML5, CSS3, javascript",2.0,25.0,Málaga,
8f1883c634d30ff5e9554bca1c75943c,senior,Programmer,"java, spring, hibernate, maven, eclipse, SQL, oracle, HTML5, CSS3, javascript",3.0,25.0,Málaga,
a133ad9994f91e97c1328d6c3039478f,senior,Programmer,"java, oracle, SQL, mongodb, web services, spring, maven",3.0,25.0,Málaga,
8aa9c2759a4ef1357bfc7533c990a97f,senior,Mobile,"android, kotlin, nodejs, reactjs, SQL, android studio, java, web services",4.0,45.0,Madrid,
d0a18170284e45699ef36046724cb2c3,senior,Mobile,"android, kotlin, nodejs, reactjs, SQL, android studio, java, web services",3.0,43.0,Madrid,D.E. por las tardes. D.I. 15 días laborables (19/02/2020). 
33aaf7325d4c2d7420602b4ea0296919,senior,Mobile,"android, kotlin, nodejs, reactjs, SQL, android studio, java, web services",4.0,47.0,Madrid,
b5d5b3d2ed73735d70c85e103daf7c5a,senior,Programmer,"java, oracle, SQL, mongodb, web services, spring, maven",3.0,27.0,Madrid,
3052e5b5496ca7b6a6e6ff6f18714ee3,junior,Programmer,"microservices, java, springboot, hibernate, jpa, docker, jenkins, oracle, SQL",2.0,25.0,Madrid,
db50831745527958bdda2864e3bceabf,expert,Analyst/Programmer,"microservices, java, springboot, spring, hibernate, git, maven, oracle, web services, SQL",9.0,63.0,Madrid,
f4d0875684200cd476cfff1d86cbb8fa,junior,Programmer,"microservices, java, spring",2.0,30.0,Madrid,
9ef6ce016faf3b36ffe5a66847885d96,senior,Analyst/Programmer,"microservices, springboot, java, web services, hibernate, angular, oracle, SQL, git, maven, jenkins, kubernetes, docker",6.0,50.0,Madrid,
3160c696ae92ebcd9a3df1d795f4066b,senior,Testing,"cucumber, selenium, jenkins, java, scrum, guerkin",7.0,50.0,Madrid,
b281a607909fbf1eef51b1797d09ab44,senior,Programmer,"java, oracle, SQL, mongodb, web services, spring, maven",3.0,36.0,Madrid,
c1c610739c0b028090e7ebc02bb2efa4,senior,Programmer,"java, oracle, SQL, mongodb, web services, spring, maven",3.0,31.0,Madrid,Tengo su CV.
f82f7311e41089f1da66e16ddadb029b,senior,Programmer,"java, spring, hibernate, jsp, git, bitbucket, maven, eclipse, jira, SQL",4.0,43.0,Madrid,Prefiere zona centro. Tengo su CV.
655d8d0e4e2c72da240525ab19cc73fa,senior,Analyst/Programmer,"java, maven, spring, microservices, angular, hibernate, javascript",7.0,45.0,Madrid,mínimo 3 días de teletrabajo.
498d9bc427e3beb9e6e11f68b45836b1,senior,Analyst/Programmer,"java, spring, hibernate, maven, eclipse, SQL",5.0,35.0,Madrid,
7e9f690fd2f39b47a09770dedda48e62,senior,Programmer,"java, spring, hibernate, maven, eclipse, SQL, oracle, HTML5, CSS3, javascript, web services, jenkins",3.0,45.0,Madrid,
ad38a2bf7740cad0c15d9a4fb2a20bb5,senior,Programmer,"java, spring, hibernate, maven, eclipse, SQL, oracle, HTML5, CSS3, javascript, web services, jenkins",3.0,32.0,Madrid,
a6bf4c52467f78cd81361e9836ea6604,senior,Testing,"cucumber, selenium, jenkins, java, scrum, guerkin",4.0,38.0,Madrid,
43346de0cae028e00ec120e9aae54fa1,senior,Programmer,"java, spring, hibernate, maven, eclipse, SQL, oracle, HTML5, CSS3, javascript, web services, jenkins",3.0,40.0,Madrid,
32f1cc8342f15c391c664930f523455d,senior,Testing,"cucumber, selenium, jenkins, java, scrum, guerkin",3.0,30.0,Madrid,
00ab081c07cb3d704996d77b853bb823,senior,Testing,"cucumber, selenium, jenkins, java, scrum, guerkin",5.0,42.0,Madrid,
bd5e0b6fa1ee63405290ff9ba2bcbd31,junior,Testing,"cucumber, selenium, jenkins, java, scrum, guerkin",1.0,20.0,Madrid,
9295ea18efad3fcefe3ea07931092117,senior,Testing,"cucumber, selenium, jenkins, java, scrum, guerkin",3.0,35.0,Madrid,
d2d663ab2c71cf820a63de7903a6042f,senior,Programmer,"java, spring, hibernate, maven, eclipse, SQL, oracle, HTML5, CSS3, javascript, web services, jenkins",3.0,30.0,Madrid,"Tiene experiencia con microservicios, junior en ese sentido."
e1bd95ca53644772a08befcab95a4044,senior,Programmer,"java, oracle, SQL, web services, spring, maven",3.0,25.0,Murcia,"Está trabajando actualmente en Madrid, pero su intención es volverse a Murcia"
8ae7b0b8f6e908489987ebfe8e25a838,senior,Programmer,"angular, javascript, jquery, HTML5, CSS3, boostrap, SQL, java",4.0,28.0,Barcelona,
30d4e095339a9794316a01228c4322e3,senior,Analyst/Programmer,"microservices, java, springboot, hibernate, jpa, docker, jenkins, oracle, SQL",4.0,45.0,Madrid ,
86d24f09a948f60859257c6978753485,senior,Analyst/Programmer,"microservices, springboot, java, web services, jenkins, kubernetes, docker",3.0,30.0,Madrid ,
9967b6f42eee96d37450f14460ff0389,senior,Analyst/Programmer,"microservices, springboot, java, web services, jenkins, kubernetes, docker",4.0,47.0,Madrid ,
cab7fcfaab5c19827481dd8a73d29c4a,senior,Analyst/Programmer,"microservices, springboot, java, web services, jenkins, kubernetes, docker",4.0,45.0,Madrid ,
969ab0491a4ebdf03a47ab6ad668bfc7,senior,Analyst/Programmer,"microservices, springboot, java, web services, jenkins, kubernetes, docker",4.0,45.0,Madrid ,
178e1aecc23762816be183a51d284745,senior,Analyst/Programmer,"microservices, springboot, java, web services, jenkins, kubernetes, docker",3.5,43.0,Madrid ,
476a63a60e8965942b6769c736962293,senior,Programmer,"java, microservices, maven, spring, angular, hibernate, javascript",3.0,36.0,Madrid ,
d730f6be047e432d820915e0b911523a,junior,Programmer,"java, microservices, maven, spring, angular, hibernate, javascript",2.0,30.0,Madrid ,
bfca33bed6f6f382e01b33016130a054,senior,Analyst/Programmer,"microservices, springboot, java, web services, jenkins, kubernetes, docker",4.0,45.0,Madrid ,
4361fa67e01b28b3290350f61a212027,senior,Programmer,"java, microservices, maven, spring, angular, hibernate, javascript",3.5,36.0,Madrid ,
567b209aaa593e5b9884b5b5db51c7a9,senior,Analyst/Programmer,"microservices, springboot, java, web services, jenkins, kubernetes, docker",4.0,45.0,Madrid ,
d5d84304455dbc4335d3605cc4a37a38,senior,Programmer,"java, microservices, maven, spring, angular, hibernate, javascript",3.0,33.0,Madrid ,
09206e1304c392e4e4732217cd3e9b81,senior,Analyst/Programmer,"microservices, springboot, java, web services, jenkins, kubernetes, docker",5.0,48.0,Madrid ,
2efef034f163090bd85a221fc59d80d3,senior,Analyst/Programmer,"microservices, springboot, java, web services, jenkins, kubernetes, docker",5.0,49.0,Madrid ,
d37541731f9f3b0064dbb8491566aa2c,senior,Analyst/Programmer,"microservices, springboot, java, web services, jenkins, kubernetes, docker",4.0,45.0,Madrid ,
eda1f94e2bd49ffa6d5102ed23a8e0cf,senior,Analyst/Programmer,"microservices, springboot, java, web services, jenkins, kubernetes, docker",4.0,43.0,Madrid ,
d9e53f207576e1f9b8a0992953f0a90c,senior,Analyst/Programmer,"microservices, springboot, java, web services, jenkins, kubernetes, docker",3.5,39.0,Madrid ,
a4413d10375313672fc1ee161563fabb,junior,Programmer,"java, microservices, maven, spring, angular, hibernate, javascript",2.0,28.0,Madrid ,
eb061b555c97378bdb3dbe303efc8b57,senior,Analyst/Programmer,"microservices, springboot, java, web services, jenkins, kubernetes, docker",6.0,55.0,Madrid ,
09b03d76a7237be2a497bb9685805453,senior,Analyst/Programmer,"microservices, springboot, java, web services, jenkins, kubernetes, docker",4.0,41.0,Madrid ,
056f951f7fb0e3af6c8b44d500e42a8b,junior,Programmer,"java, microservices, maven, spring, angular, hibernate, javascript",2.5,30.0,Madrid ,
e788428114f07473629f9830d39403ad,senior,Analyst/Programmer,"microservices, springboot, java, web services, jenkins, kubernetes, docker",3.5,39.0,Madrid ,
78a217b4e31a934f0606a74d3ae01dcf,junior,Programmer,"java, microservices, maven, spring, angular, hibernate, javascript",1.0,19.0,Madrid ,
f711481bb45c06c0805d0f281918de79,senior,Programmer,"java, microservices, maven, spring, angular, hibernate, javascript",3.0,36.0,Madrid ,
7889ea0b0a93ab37844ba3bf46311e45,junior,Programmer,"java, microservices, maven, spring, angular, hibernate, javascript",1.5,24.0,Madrid ,
c986b91a30fb47a3725b7eb555f39852,junior,Programmer,"java, microservices, maven, spring, angular, hibernate, javascript",2.5,30.0,Madrid ,
a5bdbb455c3cfa97530d96c17cd4bc2e,junior,Programmer,"java, microservices, maven, spring, angular, hibernate, javascript",2.0,24.0,Madrid ,
87f37fb533f68d2179a67aab4fdf58fe,senior,Analyst/Programmer,"microservices, springboot, java, web services, jenkins, kubernetes, docker",4.0,45.0,Madrid ,
78a28e9f767f425b1ecb75354de18e06,junior,Programmer,"microservices, java, springboot, hibernate, jpa, docker, jenkins, oracle, SQL",2.5,32.0,Madrid ,
4702b52445ea589f5a771222dc5ff920,senior,Analyst/Programmer,"microservices, springboot, java, web services, jenkins, kubernetes, docker",3.0,39.0,Madrid ,
5ce40ee4731e7d6247fc8bd8d4b4ad3a,expert,Analyst/Programmer,"microservices, springboot, java, web services, jenkins, kubernetes, docker",8.0,80.0,Madrid ,
5b11e7fe5ddb6383f3bce819a689927a,senior,Programmer,"microservices, java, springboot, hibernate, jpa, docker, jenkins, oracle, SQL",3.0,37.0,Madrid ,
af5d530068faea81780c38d6bafd6b18,senior,Analyst/Programmer,"microservices, springboot, java, web services, jenkins, kubernetes, docker",4.0,45.0,Madrid ,
2a469b7143fc48c46017bd75993a54e6,senior,Programmer,"microservices, java, springboot, hibernate, jpa, docker, jenkins, oracle, SQL",4.0,38.0,Madrid ,
f286db0f3c802865edbe370d580a8242,senior,Analyst/Programmer,"microservices, springboot, java, web services, jenkins, kubernetes, docker",4.5,50.0,Madrid ,
a5f0591940abe4e84ed45edc93ac936a,senior,Programmer,"microservices, java, springboot, hibernate, jpa, docker, jenkins, oracle, SQL",3.0,35.0,Madrid ,
e33d870a457fe20822ac83bec8cdcacc,senior,Analyst/Programmer,"microservices, springboot, java, web services, jenkins, kubernetes, docker",4.0,47.0,Madrid ,
87c6208c71e5026f164af4f0977d0acd,senior,Analyst/Programmer,"microservices, springboot, java, web services, jenkins, kubernetes, docker",3.5,42.0,Madrid ,
75bcb77d8f472aa8a603b8c8fea555c5,senior,Analyst/Programmer,"microservices, springboot, java, web services, jenkins, kubernetes, docker",6.0,59.0,Madrid ,
ee0579d5419385465ba1fa10b3348d22,senior,Analyst/Programmer,"microservices, springboot, java, web services, jenkins, kubernetes, docker",4.0,42.0,Madrid ,
0032541af6053c0455eb7fb31fbf2522,junior,Programmer,"microservices, java, springboot, hibernate, jpa, docker, jenkins, oracle, SQL",2.0,28.0,Madrid ,
72a2ee637fe8ceff6f2e97fb7363f745,junior,Programmer,"microservices, java, springboot, hibernate, jpa, docker, jenkins, oracle, SQL",2.0,30.0,Madrid ,
ff5746d50abb579772b620372fa4b00b,senior,Analyst/Programmer,"microservices, springboot, java, web services, jenkins, kubernetes, docker",5.0,52.0,Madrid ,
1c05740b71604c402a7c421502616519,senior,Analyst/Programmer,"microservices, springboot, java, web services, jenkins, kubernetes, docker",5.0,55.0,Madrid ,
32b6de926e4cc830d08d7880383ee5e0,senior,Programmer,"microservices, java, springboot, hibernate, jpa, docker, jenkins, oracle, SQL",3.5,40.0,Madrid ,
3571be4720ac51975e43016fd74e4bb9,senior,Programmer,"microservices, java, springboot, hibernate, jpa, docker, jenkins, oracle, SQL",3.0,37.0,Madrid ,
ada5c7f1a5ca78ae30877039e85f81aa,senior,Programmer,"microservices, java, springboot, hibernate, jpa, docker, jenkins, oracle, SQL",3.0,35.0,Madrid ,
8aef23f46fecf97b8b9e0f2440a189d5,senior,Analyst/Programmer,"microservices, springboot, java, web services, jenkins, kubernetes, docker",7.0,60.0,Madrid ,
eab2fa61e49ca30d9b7f7354f29aaf73,senior,Analyst/Programmer,"microservices, springboot, java, web services, jenkins, kubernetes, docker",4.0,38.0,Madrid ,
2a322ef8c7348f60963d7f84b8e6c006,senior,Analyst/Programmer,"microservices, springboot, java, web services, jenkins, kubernetes, docker",6.0,52.0,Madrid ,
69f39cb20ea39b209c6a7c68a2dbb481,senior,Programmer,"microservices, java, springboot, hibernate, jpa, docker, jenkins, oracle, SQL",3.0,35.0,Madrid ,
aec9d87cc3c54d23bf032e771cd58b81,senior,Analyst/Programmer,"microservices, springboot, java, web services, jenkins, kubernetes, docker",5.0,50.0,Madrid ,
9c5270ec7f92c072a17e71be621f6d13,senior,Analyst/Programmer,"microservices, springboot, java, web services, jenkins, kubernetes, docker",4.0,42.0,Madrid ,
75657f10a0f3fd853cfa256f315586cf,senior,Analyst/Programmer,"microservices, springboot, java, web services, jenkins, kubernetes, docker",7.0,65.0,Madrid ,
7e5564c045e236c5d16ac84603b58c63,senior,Analyst/Programmer,"microservices, springboot, java, web services, jenkins, kubernetes, docker",4.0,47.0,Madrid ,
7d90adb7998f1291b1d9b5a24f95a4e5,senior,Analyst/Programmer,"microservices, springboot, java, web services, jenkins, kubernetes, docker",6.0,55.0,Madrid ,
300772fa510e67f17722c665e2d0beb1,senior,Programmer,"microservices, java, springboot, hibernate, jpa, docker, jenkins, oracle, SQL",4.0,40.0,Madrid ,
a3cebb47970943b434170266d42840ca,expert,Analyst/Programmer,"microservices, springboot, java, web services, jenkins, kubernetes, docker",8.0,84.0,Madrid ,
38fd36145c223b5b0c670b254f70bf2c,senior,Analyst/Programmer,"microservices, springboot, java, web services, jenkins, kubernetes, docker",4.0,40.0,Madrid ,
29b16370896ad7047f3019a9278da844,senior,Analyst/Programmer,"microservices, springboot, java, web services, jenkins, kubernetes, docker",5.0,48.0,Madrid ,
a42b2605245327d3bb288ae60ad0ba41,senior,Analyst/Programmer,"microservices, springboot, java, web services, jenkins, kubernetes, docker",7.0,60.0,Madrid ,
1b14981935574228f46ad7369ca0ceec,senior,Programmer,"microservices, java, springboot, hibernate, jpa, docker, jenkins, oracle, SQL",4.0,45.0,Madrid ,
8bbc10b5ad13cc644e540ab7a3d0935e,senior,Programmer,"microservices, java, springboot, hibernate, jpa, docker, jenkins, oracle, SQL",4.0,41.0,Madrid ,
2e5fc04e724b0215daf0758f009f10c1,senior,Programmer,"microservices, java, springboot, hibernate, jpa, docker, jenkins, oracle, SQL",4.0,42.0,Madrid ,
e07232a330b026e07e505326e421402d,senior,Programmer,"microservices, java, springboot, hibernate, jpa, docker, jenkins, oracle, SQL",3.0,36.0,Madrid ,
5f02a2c3a39caaecc2564389b12ef01d,senior,Analyst/Programmer,"microservices, springboot, java, web services, jenkins, kubernetes, docker",4.0,45.0,Madrid ,
569b063355915a19c1cb9b0e8c517433,senior,Analyst/Programmer,"microservices, springboot, java, web services, jenkins, kubernetes, docker",4.0,42.0,Madrid ,
ead78370f4cae529530a02a882ef3c04,senior,Analyst/Programmer,"microservices, springboot, java, web services, jenkins, kubernetes, docker",5.0,50.0,Madrid ,
1169440c153cdee6cbf99fdef7021fa1,senior,Analyst/Programmer,"microservices, springboot, java, web services, jenkins, kubernetes, docker",5.0,50.0,Madrid ,
45f3efd7a0b1b871b11d16790223919e,senior,Analyst/Programmer,"microservices, springboot, java, web services, jenkins, kubernetes, docker",4.0,45.0,Madrid ,
f9fc0fbc7bfacc254345afea46a0bee2,senior,Analyst/Programmer,"microservices, springboot, java, web services, jenkins, kubernetes, docker",4.0,45.0,Madrid ,
af8d8efbbf48ceb09c55a65b0707b57a,senior,Analyst/Programmer,"microservices, springboot, java, web services, jenkins, kubernetes, docker",5.5,60.0,Madrid ,
f6edf0d0deb8fdb96c6411d63ca5cc92,senior,Programmer,"microservices, java, springboot, hibernate, jpa, docker, jenkins, oracle, SQL",3.0,32.0,Madrid ,
ee5ab284705822c33e1f93627ff45d14,senior,Analyst/Programmer,"microservices, springboot, java, web services, jenkins, kubernetes, docker",5.0,57.0,Madrid ,
976dd040f25b787979d096644d8e3cf6,senior,Analyst/Programmer,"microservices, springboot, java, web services, jenkins, kubernetes, docker",5.0,55.0,Madrid ,
baed2a06aaf9b855f1114958c2a82ec7,senior,Analyst/Programmer,"microservices, springboot, java, web services, jenkins, kubernetes, docker",4.0,45.0,Madrid ,
abad1cf5cdb7f926731d83ca3c2778ed,senior,Analyst/Programmer,"microservices, springboot, java, web services, jenkins, kubernetes, docker",4.0,45.0,Madrid ,
58edadfcd66c024dc559f6b5471efc2e,senior,Programmer,"microservices, java, springboot, hibernate, jpa, docker, jenkins, oracle, SQL",3.0,38.0,Madrid ,
c9e253ceab9301cc263a5b6ed128b097,senior,Analyst/Programmer,"microservices, springboot, java, web services, jenkins, kubernetes, docker",6.0,65.0,Madrid ,
4f5bd0987a4e365a97429779ae941475,senior,Programmer,"microservices, java, springboot, hibernate, jpa, docker, jenkins, oracle, SQL",3.5,40.0,Madrid ,
f8e039fa3def16ce566cc42fed37c3c7,junior,Programmer,"microservices, java, springboot, hibernate, jpa, docker, jenkins, oracle, SQL",2.5,32.0,Madrid ,
ee152aa6b69388140e3b0cceca0ee941,senior,Analyst/Programmer,"microservices, springboot, java, web services, jenkins, kubernetes, docker",5.0,48.0,Madrid ,
d597cfc5e13867276e7749451ea3534e,senior,Analyst/Programmer,"microservices, springboot, java, web services, jenkins, kubernetes, docker",5.0,50.0,Madrid ,
787f5df9e76b983a92223f19a161ee07,senior,Analyst/Programmer,"microservices, springboot, java, web services, jenkins, kubernetes, docker",5.0,52.0,Madrid ,
45e9bf050ae134da2b9366128e043e66,senior,Programmer,"microservices, java, springboot, hibernate, jpa, docker, jenkins, oracle, SQL",3.5,45.0,Madrid ,
387aaa587633151816e529a35593bc81,senior,Analyst/Programmer,"microservices, springboot, java, web services, jenkins, kubernetes, docker",6.0,55.0,Madrid ,
8e9b7ad94337ca11a20bd4197b68819d,senior,Analyst/Programmer,"microservices, springboot, java, web services, jenkins, kubernetes, docker",5.0,48.0,Madrid ,
15d9b797a28358023dc2df8eca561fe1,senior,Analyst/Programmer,"microservices, springboot, java, web services, jenkins, kubernetes, docker",7.0,62.0,Madrid ,
f127c4604fe8a3e665d34bd9cf48d945,senior,Analyst/Programmer,"microservices, springboot, java, web services, jenkins, kubernetes, docker",5.0,50.0,Madrid ,
3343676ed6f54f89e3fc2e8ec5a5e5a6,senior,Analyst/Programmer,"microservices, springboot, java, web services, jenkins, kubernetes, docker",6.0,56.0,Madrid ,
cc62ce6969f1cf9949e18eecaabb63b1,junior,Programmer,"microservices, java, springboot, hibernate, jpa, docker, jenkins, oracle, SQL",2.5,32.0,Madrid ,
7b148a375a9b652263abed521c75494c,senior,Programmer,"microservices, java, springboot, hibernate, jpa, docker, jenkins, oracle, SQL",3.5,38.0,Madrid ,
d6c469d5f92d761fa9ca4e75575a0ba2,junior,Programmer,"microservices, java, springboot, hibernate, jpa, docker, jenkins, oracle, SQL",2.5,31.0,Madrid ,
1da1115a869ea9af7d1438c538b70b3d,junior,Programmer,"microservices, java, springboot, hibernate, jpa, docker, jenkins, oracle, SQL",1.0,23.0,Madrid ,
5271113824db018f5efea91844634ac0,junior,Programmer,"microservices, java, springboot, hibernate, jpa, docker, jenkins, oracle, SQL",2.5,34.0,Madrid ,
4ebafbd4935db3a5a79fbbebf260f1c7,senior,Programmer,"microservices, java, springboot, hibernate, jpa, docker, jenkins, oracle, SQL",3.0,33.0,Madrid ,
b6fcb728ff19427067ae3ab240c824d2,junior,Programmer,"microservices, java, springboot, hibernate, jpa, docker, jenkins, oracle, SQL",2.0,29.0,Madrid ,
af539d4a9cfb0dfe800eb6cebd761eeb,senior,Programmer,"microservices, java, springboot, hibernate, jpa, docker, jenkins, oracle, SQL",3.5,38.0,Madrid ,
dc1d34fb08a598a795b61f6055a5c0ec,senior,Programmer,"microservices, java, springboot, hibernate, jpa, docker, jenkins, oracle, SQL",3.0,35.0,Madrid ,
4ba6060d0c1f968997e256e206918c83,senior,Programmer,"microservices, java, springboot, hibernate, jpa, docker, jenkins, oracle, SQL",3.0,36.0,Madrid ,
9c7c77edc8b74c84c8c7ff4a9f77b580,senior,Programmer,"java, oracle, SQL, web services, spring, maven",3.0,34.0,Madrid ,
05c41af53acdaa6301efe1ca8d65759c,senior,Programmer,"java, oracle, SQL, web services, spring, maven",3.0,33.0,Madrid ,
8278aae430edf89c8ff457d73805a113,junior,Programmer,"java, oracle, SQL, web services, spring, maven",1.5,25.0,Madrid ,
6b33c71561ebf9a135ce040522fd8f00,junior,Programmer,"java, oracle, SQL, web services, spring, maven",1.0,18.0,Madrid ,
ccb7dff510a05df16e5ac7a3a5e6fc64,junior,Programmer,"java, oracle, SQL, web services, spring, maven",2.0,26.0,Madrid ,
5465de7fc2b8d3411bb4a53b4cd3e604,junior,Testing,"cucumber, selenium, jenkins, java, scrum, guerkin",2.0,24.0,Barcelona,
4ade10ab8ae51906da1c479146c33dc1,senior,Analyst/Programmer,"microservices, java, springboot, hibernate, jpa, docker, jenkins, oracle, SQL",5.0,46.0,Barcelona,
387cfa0d5eddcd6ad9d3bc4a1b281aa8,senior,Analyst/Programmer,"java, spring, hibernate, maven, eclipse, SQL",5.0,36.0,Barcelona,
d6cdf5c64bb35780720e131b92cc3d70,senior,Analyst/Programmer,"java, spring, hibernate, maven, eclipse, SQL",4.0,34.0,Barcelona,
4affacaf2a5edb5e69b88bd90b2390f1,senior,Programmer,"java, oracle, SQL, web services, spring, maven",3.0,32.0,Madrid ,
7618836a53fca9913ea18ae651adfd70,senior,Analyst/Programmer,"java, spring, hibernate, maven, eclipse, SQL",7.0,50.0,Barcelona,
b5d8c309e7f8e6abe84fcd806a39bbde,junior,Programmer,"java, oracle, SQL, web services, spring, maven",2.0,27.0,Madrid ,
078ca7409e74fb74019a29b06f5545da,senior,Analyst/Programmer,"java, spring, hibernate, maven, eclipse, SQL",3.0,35.0,Barcelona,
134d383758858d809bbfcc3378c38a76,senior,Analyst/Programmer,"java, spring, hibernate, maven, eclipse, SQL",4.0,35.0,Barcelona,
a92df126e1e51aad441f8fe1f2b9bd8d,senior,Analyst/Programmer,"java, spring, hibernate, maven, eclipse, SQL",5.0,45.0,Barcelona,
b5d8c309e7f8e6abe84fcd806a39bbde,junior,Programmer,"java, oracle, SQL, web services, spring, maven",2.0,27.0,Madrid ,
2a534a48fbbd34c57a4b1a8f16760746,junior,Programmer,"java, oracle, SQL, web services, spring, maven",1.0,19.0,Madrid ,
382a0c24c7d97a9945ff3adb60d29262,junior,Programmer,"java, oracle, SQL, web services, spring, maven",2.0,28.0,Madrid ,
6f467e25aaff5aedf2e1792ce7e90bc4,senior,Analyst/Programmer,"microservices, java, springboot, hibernate, jpa, docker, jenkins, oracle, SQL",3.0,33.0,Barcelona,
829b538b9c176861a6f8072fd8ccd5e5,senior,Analyst/Programmer,"java, spring, microservices",3.5,38.0,Barcelona,
382a0c24c7d97a9945ff3adb60d29262,junior,Programmer,"java, oracle, SQL, web services, spring, maven",2.5,28.0,Madrid ,
e2fef767c285860ca0c29268d1f4ccc4,junior,Programmer,"java, oracle, SQL, web services, spring, maven",2.0,24.0,Madrid ,
478392a5510d70e4f16a348ad4f17796,junior,Programmer,"java, oracle, SQL, web services, spring, maven",2.0,26.0,Madrid ,
ddb7f76aaea6f33db5fec36a54f97092,junior,Analyst/Programmer,"java, spring, hibernate, maven, eclipse, SQL",2.5,30.0,Barcelona,
011da68254ca54c07f27c3384f6adffe,senior,Analyst/Programmer,"java, spring, hibernate, maven, eclipse, SQL",6.0,45.0,Barcelona,
c3c8a24fac248b039e41ea367c0db1e7,junior,Programmer,"java, angular, javascript, oracle, SQL, spring, maven",2.0,27.0,Madrid ,
8270386898d879937f8f9bdd98f81436,junior,Programmer,"java, angular, javascript, oracle, SQL, spring, maven",2.0,22.0,Madrid ,
a3aeb5f807c8dd1005897040d468e63a,senior,Analyst/Programmer,"microservices, springboot, java, web services, jenkins, kubernetes, docker",3.0,35.0,Barcelona,
cd1cf0e1eea6be75e08308bbd7104d0c,senior,Analyst/Programmer,"java, spring, hibernate, maven, eclipse, SQL",5.0,40.0,Barcelona,
febb20e3750dc80f5003b7a9fc10f8ba,senior,Testing,"cucumber, selenium, jenkins, java, scrum, guerkin",3.0,31.0,Barcelona,
f2f10d10af2155ebf673659537261e74,junior,Testing,"cucumber, selenium, jenkins, java, scrum, guerkin",2.0,21.0,Barcelona,
db05578656c01c58f4472d35967e63cf,senior,Analyst/Programmer,"java, spring, hibernate, maven, eclipse, SQL",3.0,27.0,Barcelona,
11140225e83e8b2faa0a9a74903133c5,senior,Analyst/Programmer,"microservices, springboot, java, web services, jenkins, kubernetes, docker",3.0,34.0,Barcelona,
167617f09ecaf26a80653158957d0bfb,senior,Analyst/Programmer,"microservices, java, springboot, hibernate, jpa, docker, jenkins, oracle, SQL",5.0,50.0,Barcelona,
1d7d84a6ea6cf244eeb873492f850ec4,senior,Analyst/Programmer,"microservices, java, springboot, hibernate, jpa, docker, jenkins, oracle, SQL",5.0,50.0,Barcelona,
c9ccfd5e5c4cc227620e4f1bed344bf1,senior,Programmer,"java, angular, javascript, oracle, SQL, spring, maven",3.0,29.0,Madrid ,
a3aeb5f807c8dd1005897040d468e63a,senior,Analyst/Programmer,"microservices, springboot, java, web services, jenkins, kubernetes, docker",3.0,35.0,Barcelona,
11140225e83e8b2faa0a9a74903133c5,senior,Analyst/Programmer,"microservices, springboot, java, web services, jenkins, kubernetes, docker",3.0,34.0,Barcelona,
ca6f978d60dc0da112098531eba591ca,senior,Analyst/Programmer,"java, spring, hibernate, maven, eclipse, SQL",3.0,28.0,Barcelona,
a475478c9e33ce302c0e04d5e22364e5,junior,Programmer,"java, angular, javascript, oracle, SQL, spring, maven",2.0,22.0,Madrid ,
1c31ce6099e25be72e14ed3ae4a00867,junior,Programmer,"java, angular, javascript, oracle, SQL, spring, maven",2.0,24.0,Madrid ,
5cd2b5310bc4501a685dc03847486c9c,junior,Programmer,"java, angular, javascript, oracle, SQL, spring, maven",1.0,18.0,Madrid ,
42022e23c68a1568313be21a4b4059e4,senior,Programmer,"microservices, java, springboot, hibernate, jpa, docker, jenkins, oracle, SQL",3.0,36.0,Barcelona,
a67640c8e43df112143267d3a5ffcfad,senior,Programmer,"java, angular, javascript, oracle, SQL, spring, maven",3.0,33.0,Madrid ,
72def8f3ebdca40e78c0815555d3e50b,senior,Testing,"cucumber, selenium, jenkins, java, scrum, guerkin",3.0,35.0,Barcelona,
99ef256e855b835d6c55939a713af2e8,senior,Testing,"cucumber, selenium, jenkins, java, scrum, guerkin",4.0,44.0,Barcelona,
382a0c24c7d97a9945ff3adb60d29262,junior,Programmer,"java, angular, javascript, oracle, SQL, spring, maven",2.0,28.0,Madrid ,
dbedbe275645fb66ffc0fb9fd6215600,senior,Analyst/Programmer,"microservices, java, springboot, hibernate, jpa, docker, jenkins, oracle, SQL",4.0,42.0,Barcelona,
e2fb54b803546bdea494875442883967,senior,Analyst/Programmer,"java, spring, hibernate, maven, eclipse, SQL",3.0,30.0,Barcelona,
22b9650279a1dafff2edb9ec926b6091,junior,Analyst/Programmer,"java, spring, hibernate, maven, eclipse, SQL",2.0,24.0,Barcelona,
e7b004001379b2e371480725b3a24bef,junior,Analyst/Programmer,"java, spring, hibernate, maven, eclipse, SQL",2.0,24.0,Barcelona,
52a81d2072d85af4290643f1a3b17986,junior,Programmer,"java, angular, javascript, oracle, SQL, spring, maven",2.0,24.0,Madrid ,
e655500d73e7eda88616e29d02776df6,junior,Programmer,"java, angular, javascript, oracle, SQL, spring, maven",2.0,24.0,Madrid ,
30878fed2d19f0ea8545897b6ca420c5,junior,Programmer,"java, angular, javascript, oracle, SQL, spring, maven",2.0,28.0,Madrid ,
943ad6479b2ef61e14e63c58850ad6a3,junior,Programmer,"java, angular, javascript, oracle, SQL, spring, maven",1.0,19.0,Madrid ,
0157005856ee40379bf6006b9bf6c89a,junior,Programmer,"java, angular, javascript, oracle, SQL, spring, maven",2.0,28.0,Madrid ,
c66274d2536821b97248412a9bdad297,senior,Programmer,"java, angular, javascript, oracle, SQL, spring, maven",4.0,45.0,Madrid ,
c182e89f9e135f23e30b0fcb683fa4c6,junior,Programmer,"java, angular, javascript, oracle, SQL, spring, maven",2.0,23.5,Madrid ,
c182e89f9e135f23e30b0fcb683fa4c6,junior,Programmer,"java, angular, javascript, oracle, SQL, spring, maven",2.0,24.0,Madrid ,
e67ea018eb3c7c9c8110dbfe01dab09b,junior,Programmer,"java, angular, javascript, oracle, SQL, spring, maven",2.0,29.0,A Coruña,
e67ea018eb3c7c9c8110dbfe01dab09b,senior,Programmer,"java, angular, javascript, oracle, SQL, spring, maven",3.0,29.0,A Coruña,
e2fb54b803546bdea494875442883967,senior,Programmer,"java, angular, javascript, oracle, SQL, spring, maven",3.0,30.0,A Coruña,
5df3898d4e2535d4559f3fb919585818,junior,Analyst/Programmer,"java, spring, hibernate, maven, eclipse, SQL",1.0,20.0,A Coruña,
6b33c71561ebf9a135ce040522fd8f00,junior,Programmer,"java, angular, javascript, oracle, SQL, spring, maven",1.0,20.0,A Coruña,
d1fcd98238f911cf074f9555794bdb77,junior,Programmer,"java, angular, javascript, oracle, SQL, spring, maven",2.0,25.0,A Coruña,
bd7852f0a10d4b7135e51c5be068f5e7,junior,Programmer,"java, angular, javascript, oracle, SQL, spring, maven",2.0,23.0,A Coruña,
d1fcd98238f911cf074f9555794bdb77,junior,Programmer,"java, angular, javascript, oracle, SQL, spring, maven",2.0,25.0,A Coruña,
2e976f596328d4c2724f0438b628e996,senior,Programmer,"java, angular, javascript, oracle, SQL, spring, maven",3.0,30.0,A Coruña,
d1fcd98238f911cf074f9555794bdb77,junior,Programmer,"java, angular, javascript, oracle, SQL, spring, maven",2.0,25.0,A Coruña,
5a16ed7e33ebf1eb149f82c2eba79619,senior,Programmer,"java, angular, javascript, oracle, SQL, spring, maven",3.0,34.0,A Coruña,
e67ea018eb3c7c9c8110dbfe01dab09b,senior,Programmer,"java, angular, javascript, oracle, SQL, spring, maven",3.0,29.0,A Coruña,
09a49fbea06ea6808a3cfea8622fa17f,senior,Testing,"cucumber, selenium, jenkins, java, scrum, guerkin",5.0,45.0,A Coruña,
95c3c5c6df29dbeb8ae77877586c5c32,senior,Analyst/Programmer,"java, spring, hibernate, maven, eclipse, SQL",3.0,27.0,A Coruña,
895312edd0ff68ea95db8838f88b83bc,senior,Analyst/Programmer,"java, spring, hibernate, maven, eclipse, SQL",3.0,28.0,A Coruña,
e42a62dea3d1f356e46aaa9dbb5d4113,junior,Programmer,"java, angular, javascript, oracle, SQL, spring, maven",1.0,21.0,A Coruña,
e90c1f53ba9d7ce7e6aeec73ee6b9282,junior,Programmer,"java, angular, javascript, oracle, SQL, spring, maven",1.0,20.0,A Coruña,
cfbaccecdd16a39adb0934693bde6cf6,junior,Programmer,"java, angular, javascript, oracle, SQL, spring, maven",1.0,21.0,A Coruña,
825179c015a52fef2194a4352810bd09,senior,Analyst/Programmer,"java, spring, hibernate, maven, eclipse, SQL",4.0,33.0,A Coruña,
01868440a2e5f7fbc05feef6a08f06fa,senior,Analyst/Programmer,"java, spring, hibernate, maven, eclipse, SQL",4.0,32.0,A Coruña,
0ac8f83d0e3314d80806536b5135046f,junior,Programmer,"java, angular, javascript, oracle, SQL, spring, maven",1.5,20.0,A Coruña,
77c91a4109af08e099a6d3dc64b0989c,senior,Testing,"cucumber, selenium, jenkins, java, scrum, guerkin",4.0,45.0,A Coruña,
d7eef8e30c0b2aff86fb5d70f0c3c7c3,senior,Analyst/Programmer,"java, spring, hibernate, maven, eclipse, SQL, microservices",4.0,32.0,Valencia,
c6d7f8ed32a42d5a1d1b4817ab001b9d,junior,Programmer,"java, angular, javascript, oracle, SQL, spring, maven",1.5,24.0,A Coruña,
e4b2ec816b3c73e601caf50d80717498,junior,Programmer,"java, angular, javascript, oracle, SQL, spring, maven",2.0,23.0,Madrid,
0cfbd7defe6d1be3c52816b2156f12d9,junior,Programmer,"java, angular, javascript, oracle, SQL, spring, maven",2.0,24.0,Madrid,
17da3fc3ad8c86d858a8df9b2efa938f,junior,Mobile,"android, kotlin, nodejs, reactjs, SQL, android studio, java, web services",2.0,28.0,Valencia,
bb05f72fd08b3b73380d42c2cf222440,junior,Programmer,"java, angular, javascript, oracle, SQL, spring, maven",2.0,24.0,Madrid,
f69adf4727870b060f9c7ece55e373a0,senior,Testing,"cucumber, selenium, jenkins, java, scrum, guerkin",4.0,47.0,Madrid,
19a27ace885abb3b5c04b4bdeb19ff74,junior,Programmer,"java, angular, javascript, oracle, SQL, spring, maven",2.0,24.0,Madrid,
f186ccd6ba18af8a6f02e86fe8460371,senior,Programmer,"java, angular, javascript, oracle, SQL, spring, maven",3.0,30.0,Madrid,
149f6b2b5997f5a3137903d8cc7dc9ca,junior,Programmer,"java, angular, javascript, oracle, SQL, spring, maven",2.0,24.0,Madrid,
9be9e65f56bd352e5c8d134c323709c4,senior,Testing,"cucumber, selenium, jenkins, java, scrum, guerkin",3.5,40.0,Madrid,
b7078662da46704cd6e3f9da3c711e52,junior,Programmer,"java, angular, javascript, oracle, SQL, spring, maven",2.5,26.0,Madrid,
b5172702218e343da1614fe9e7df6cd5,junior,Programmer,"java, angular, javascript, oracle, SQL, spring, maven",2.0,25.0,Madrid,
1c5f64417210943bb18317618ba89942,junior,Programmer,"java, angular, javascript, oracle, SQL, spring, maven",1.0,15.0,Madrid,
a53ac5247daaea7766ef65fbb4491c92,junior,Programmer,"java, angular, javascript, oracle, SQL, spring, maven",1.0,15.0,Madrid,
ce90fb59eddd9014638301c6ffd38bd1,junior,Programmer,"java, angular, javascript, oracle, SQL, spring, maven",1.0,15.0,Madrid,
1773a7fe22458eebae04c56411160107,junior,Programmer,"java, angular, javascript, oracle, SQL, spring, maven",2.0,24.0,Madrid,
31725e0d6f24fd8f42a80786889d6115,senior,Programmer,"java, angular, javascript, oracle, SQL, spring, maven",3.0,28.0,Madrid,
7fb6415f2c89c926ea388f69aa6b2f90,junior,Programmer,"java, angular, javascript, oracle, SQL, spring, maven",1.0,20.0,Madrid,
4f7e35a24fcbb0d337392d076353e0d9,junior,Programmer,"java, angular, javascript, oracle, SQL, spring, maven",1.0,15.0,Madrid,
b8b8c50eb0f2359a08fa01fdb142be1c,junior,Programmer,"java, angular, javascript, oracle, SQL, spring, maven",1.0,19.0,Madrid,
c4366114c6c706736cb0cefd1d8c8c84,junior,Programmer,"java, angular, javascript, oracle, SQL, spring, maven",2.0,27.0,Madrid,
ac9e760af1e2d989915dbfc630323f36,junior,Programmer,"java, angular, javascript, oracle, SQL, spring, maven",2.0,24.0,Madrid,
e4cd28a475c2d8fc17564a0cc94782af,senior,Testing,"cucumber, selenium, jenkins, java, scrum, guerkin",3.0,35.0,A Coruña,
1736b4acd5849d78f5d4c08714e5d0ae,senior,Testing,"cucumber, selenium, jenkins, java, scrum, guerkin",3.0,38.0,A Coruña,
e697058d9f1876dfe83c675076f89215,senior,Testing,"cucumber, selenium, jenkins, java, scrum, guerkin",3.0,34.0,A Coruña,
e8226251d2a74ab58dca349f6f665cd7,junior,Testing,"cucumber, selenium, jenkins, java, scrum, guerkin",1.0,22.0,A Coruña,
a297bbc6c80ae7e0dfcfc827779913a4,senior,Testing,"cucumber, selenium, jenkins, java, scrum, guerkin",4.0,50.0,Madrid,
aaad07e84910b9194a8c0af9f2926963,junior,Testing,"cucumber, selenium, jenkins, java, scrum, guerkin",2.0,24.0,Alicante,
e02a88cd8b5657af97e802c846c7e709,junior,Testing,"cucumber, selenium, jenkins, java, scrum, guerkin",2.0,24.0,Alicante,
24fe1ccb6d947ecb517e6b2df99b4e64,junior,Testing,"cucumber, selenium, jenkins, java, scrum, guerkin",2.0,24.0,Alicante,
1d0f911d40545f2203c5ff81f0a39e9d,junior,Testing,"cucumber, selenium, jenkins, java, scrum, guerkin",2.0,28.0,Alicante,
42f077dd8a2df3916a49708e75a66eff,junior,Testing,"cucumber, selenium, jenkins, java, scrum, guerkin",2.0,26.0,Alicante,
b7ee0a8c2cecc9c5c20573a25afc0e3d,senior,Testing,"cucumber, selenium, jenkins, java, scrum, guerkin",5.0,60.0,Madrid,
f23a07767d9aafa0ac9caacfddabd9c9,senior,Testing,"cucumber, selenium, jenkins, java, scrum, guerkin",3.0,32.5,Alicante,
a1834ac6de9155c468226fd6d8d374c4,senior,Testing,"cucumber, selenium, jenkins, java, scrum, guerkin",3.0,31.0,Alicante,
33ad73558b7580103b69f1779c344427,senior,Testing,"cucumber, selenium, jenkins, java, scrum, guerkin",5.0,60.0,,
bf0e4b5f0c1c148e0cb03340a80cfc06,senior,Analyst/Programmer,"java, spring, hibernate, maven, eclipse, SQL, microservices",6.0,46.0,,
d698c63b075ae53f0d87ce016bf166d2,senior,Analyst/Programmer,"java, spring, hibernate, maven, eclipse, SQL, microservices",5.0,45.0,,
76d0765087a87e584e86f662ce6a8fe9,senior,Analyst/Programmer,"java, spring, hibernate, maven, eclipse, SQL, microservices",6.0,48.0,,
e9adc4fec5585231a88c70b196747d7b,senior,Analyst/Programmer,"java, spring, hibernate, maven, eclipse, SQL, microservices",5.0,42.0,,
d341a0264f94f2ea6a49888f4e0b9815,senior,Testing,"cucumber, selenium, jenkins, java, scrum, guerkin",5.0,60.0,,
2ab5b8dc7b84477c103936f6048d524a,senior,Testing,"cucumber, selenium, jenkins, java, scrum, guerkin",3.0,45.0,,
2879bfb3ed851b7f2ad31a5d599c2ceb,senior,Analyst/Programmer,"java, spring, hibernate, maven, eclipse, SQL, microservices",3.0,30.0,,
7b53df8fe748393440d2ec4dec15ac2e,senior,Analyst/Programmer,"java, spring, hibernate, maven, eclipse, SQL",4.0,30.0,,
a0ce9aaed275186b51ad3bd64264bd95,senior,Analyst/Programmer,"java, spring, hibernate, maven, eclipse, SQL",3.5,30.0,,
353c54ad079a0c910535133504ceb207,senior,Analyst/Programmer,"java, spring, hibernate, maven, eclipse, SQL",3.5,30.5,,
7b53df8fe748393440d2ec4dec15ac2e,senior,Analyst/Programmer,"java, spring, hibernate, maven, eclipse, SQL",4.0,30.0,,
